A2M	NFKB1
A2M	STAT1
ABL1	ATF3
ABL1	CABLES1
ABL1	CCNA2
ABL1	EPHA4
ABL1	EPHB1
ABL1	EPHB6
ABL1	FGR
ABL1	JUN
ABL1	LYN
ABL1	MDM2
ABL1	MYC
ABL1	ROBO1
ABL1	RUNX1
ABL1	RUNX2
ABL1	SOS1
ABL1	SPAG9
ABL1	SRC
ABL1	STAT1
ABL1	TP63
ABL1	YES1
ABLIM1	DOCK1
ABLIM1	PTK2
ABLIM1	SRC
ABLIM1	TRIO
ACP5	FOS
ACP5	FOSB
ACP5	JUN
ACP5	NFKB1
ACSL1	PPARG
ACSL4	PPARG
ACTB	ACTG1
ACTB	ADAM17
ACTB	AFDN
ACTB	AHNAK
ACTB	ARHGAP10
ACTB	COL6A1
ACTB	COL6A2
ACTB	CTNNA3
ACTB	DDX21
ACTB	DEK
ACTB	DMD
ACTB	DPF3
ACTB	FMNL2
ACTB	HIP1
ACTB	ITGA1
ACTB	ITGA2
ACTB	ITGA2B
ACTB	ITGA4
ACTB	ITGAX
ACTB	ITGB1
ACTB	ITSN1
ACTB	JUN
ACTB	KAT2B
ACTB	LIMS1
ACTB	MEF2C
ACTB	MYL9
ACTB	MYO1B
ACTB	MYO1D
ACTB	MYO1E
ACTB	MYO1F
ACTB	NCOA3
ACTB	PIP5K1B
ACTB	PPARG
ACTB	PRKCA
ACTB	PTK2
ACTB	RDX
ACTB	RHOQ
ACTB	SRGAP2
ACTB	STK3
ACTG1	ADAM17
ACTG1	AFDN
ACTG1	AHNAK
ACTG1	ARHGAP10
ACTG1	COL6A1
ACTG1	COL6A2
ACTG1	CTNNA3
ACTG1	DMD
ACTG1	DPF3
ACTG1	FMNL2
ACTG1	HIP1
ACTG1	ITGA1
ACTG1	ITGA2
ACTG1	ITGA2B
ACTG1	ITGA4
ACTG1	ITGAX
ACTG1	ITGB1
ACTG1	ITSN1
ACTG1	LIMS1
ACTG1	MYL9
ACTG1	MYO1B
ACTG1	MYO1D
ACTG1	MYO1E
ACTG1	MYO1F
ACTG1	PIP5K1B
ACTG1	PPARG
ACTG1	PRKCA
ACTG1	PTK2
ACTG1	RDX
ACTG1	RHOQ
ACTG1	SRGAP2
ACTG1	STK3
ACVR1C	ACVR2A
ACVR1C	NLK
ACVR1C	TCF4
ACVR2A	BMPR1B
ACVR2A	NCF1
ACVR2A	NCF2
ACVR2A	ZFYVE16
ADAM12	ITGB1
ADAM12	PRKCA
ADAM12	PRKCB
ADAM17	AFDN
ADAM17	HBEGF
ADAM17	IL6R
ADAM17	NRG2
ADAM17	PLK2
ADAM17	PRKCA
ADAM17	PRKCB
ADAM17	PRKCE
ADAM17	PRKCH
ADAM17	SORT1
ADAM17	TNF
ADAM17	TNFRSF1B
ADCY1	ADCY9
ADCY1	CAMK2D
ADCY1	CAMK4
ADCY1	GNB4
ADCY1	GNG2
ADCY1	GNG4
ADCY1	GNG7
ADCY1	GNG8
ADCY1	IL1A
ADCY1	PRKCA
ADCY1	PRKCB
ADCY1	PRKCE
ADCY9	CAMK2D
ADCY9	CAMK4
ADCY9	GNB4
ADCY9	GNG2
ADCY9	GNG4
ADCY9	GNG7
ADCY9	GNG8
ADCY9	PRKCA
ADCY9	PRKCB
ADCY9	PRKCE
ADTRP	MEF2A
ADTRP	MEF2C
AFAP1L2	EGR1
AFAP1L2	JUN
AFAP1L2	MEF2C
AFAP1L2	NFKB1
AFDN	CTNNA3
AFDN	FGR
AFDN	LMO7
AFDN	LYN
AFDN	NECTIN2
AFDN	PTK2
AFDN	PTPRM
AFDN	SRC
AFDN	YES1
AHCYL2	SLC4A4
AHI1	CDK1
AHI1	CDK5RAP2
AHI1	CKAP5
AHI1	HSP90AA1
AHI1	PLK1
AHI1	PRKAR2B
AHI1	SCLT1
AHI1	TCF4
AHI1	TCTN1
AHI1	TCTN3
AHI1	TUBA1A
AHI1	TUBA4A
AHI1	TUBB
AHI1	TUBB4B
AHNAK	ANXA2
AHNAK	S100A10
AHR	AHRR
AHR	CYP1B1
AHR	HSP90AA1
AHR	HSP90AB1
AHR	TBL1X
AHRR	CYP1B1
AHRR	TBL1X
AIM2	NFKB1
AIM2	STAT1
AKR1C3	MYC
AKR1C3	POU2F1
ALDH1A2	CEBPB
ALOX5	ALOX5AP
ALOX5	EGR1
ALOX5AP	CEBPD
ALOX5AP	MEF2A
ALOX5AP	MEF2C
ANK2	CD44
ANK2	ITPR2
ANK2	NRCAM
ANK2	SPTBN1
ANK2	TIAM1
ANK3	CD44
ANK3	ITPR2
ANK3	SPTBN1
ANK3	TIAM1
ANPEP	ETS2
ANPEP	MYB
ANXA1	ANXA2
ANXA1	CYSLTR1
ANXA1	DYSF
ANXA1	FOS
ANXA1	GNA14
ANXA1	GNAQ
ANXA1	GNG2
ANXA2	DYSF
ANXA2	HLF
ANXA2	JUN
ANXA2	S100A10
AP1S3	CD74
AP1S3	DNAJC6
AP1S3	HLA-DPA1
AP1S3	HLA-DPB1
AP1S3	HLA-DQA1
AP1S3	HLA-DQB1
AP1S3	HLA-DRA
AP1S3	HLA-DRB1
AP1S3	HLA-DRB5
AP1S3	HSPA8
APBA1	APP
APBA1	CASK
APBA1	UNC13B
APBA2	APP
APBB2	APP
APP	CYSLTR1
APP	GAPDH
APP	GNA14
APP	GNAQ
APP	GNG2
APP	HSP90AB1
APP	IRF4
APP	JUN
APP	MAPK10
APP	MAPK8
APP	MEF2A
APP	MEF2C
APP	NFKB1
APP	NLRP3
APP	POU2F2
APP	TSPAN33
APP	TSPAN5
AREG	BRCA1
AREG	CSF1R
AREG	DNAJC6
AREG	EGR1
AREG	FGFR1
AREG	FLT1
AREG	FLT3
AREG	GAB1
AREG	HIP1
AREG	HSPA8
AREG	IGF1R
AREG	IL1RAP
AREG	INSR
AREG	ITSN1
AREG	KIT
AREG	NFKB1
AREG	PTK2
AREG	PTPRK
AREG	SNX9
AREG	SOS1
AREG	SPRY2
AREG	SRC
ARHGAP10	PTK2
ARHGAP24	JUN
ARHGAP26	PTK2
ARHGAP26	RHOQ
ARHGAP31	RHOU
ARHGEF11	PTK2
ARHGEF12	CD44
ARHGEF12	GNAQ
ARHGEF12	PTK2
ARSB	SUMF1
ASAH1	PDGFA
ASAP1	PTK2
ASPH	CLIC2
ASPH	JUN
ATAD2	ESR1
ATAD2	RAD21
ATF3	CCL5
ATF3	CD69
ATF3	CEBPB
ATF3	FOS
ATF3	JUN
ATF3	NFKBIA
ATF3	PCNA
ATF5	DISC1
ATP1B1	ATP1B3
ATP1B1	FXYD2
ATP1B1	NR3C2
ATP1B1	PRKG1
ATP1B1	PRKG2
ATP1B1	SLC8A1
ATP1B3	FXYD2
ATP1B3	NR3C2
ATP1B3	PRKG1
ATP1B3	PRKG2
ATP1B3	SLC8A1
ATP2B1	ESR1
ATP2B1	PRKG1
ATP2B1	PRKG2
ATP6V0A1	ATP6V1A
ATP6V1A	FNIP2
ATXN1	FOS
ATXN1	RBPJ
AURKA	BRCA1
AURKA	CDK1
AURKA	CDK5RAP2
AURKA	CEBPB
AURKA	CENPA
AURKA	CKAP5
AURKA	CPEB4
AURKA	GADD45A
AURKA	HMMR
AURKA	HSP90AA1
AURKA	NFKBIA
AURKA	PAK1
AURKA	PHLDA1
AURKA	PLK1
AURKA	PRKAR2B
AURKA	TPX2
AURKA	TUBA1A
AURKA	TUBA4A
AURKA	TUBB
AURKA	TUBB4B
AURKA	UBE2S
AURKB	BUB1
AURKB	BUB1B
AURKB	CCNB1
AURKB	CCNB2
AURKB	CDCA5
AURKB	CDCA8
AURKB	CDK1
AURKB	CENPA
AURKB	CENPE
AURKB	CENPF
AURKB	CENPI
AURKB	CENPM
AURKB	CENPP
AURKB	CENPU
AURKB	CKAP5
AURKB	DIAPH2
AURKB	EVI5
AURKB	INCENP
AURKB	KIF18A
AURKB	KIF23
AURKB	KIF2C
AURKB	KLHL13
AURKB	KNL1
AURKB	MAD2L1
AURKB	NCAPG
AURKB	NCAPH
AURKB	NCL
AURKB	NDC1
AURKB	NDC80
AURKB	NPM1
AURKB	NUF2
AURKB	PLK1
AURKB	RACGAP1
AURKB	RAD21
AURKB	SGO2
AURKB	SMC1A
AURKB	SMC2
AURKB	SMC4
AURKB	SPC25
AURKB	STAG1
AURKB	STMN1
AURKB	UBE2S
AURKB	VIM
AURKB	ZWINT
BABAM2	BRCA1
BABAM2	NLRP3
BABAM2	NSD2
BATF3	FOS
BATF3	JUN
BCAS3	FOS
BCAS3	MYC
BCAS3	PBX3
BCL2	BCL2L11
BCL2	BID
BCL2	BRCA1
BCL2	CEBPB
BCL2	CREB5
BCL2	CREM
BCL2	CTSB
BCL2	CTSC
BCL2	CTSH
BCL2	CTSS
BCL2	CTSW
BCL2	CTSZ
BCL2	EGR1
BCL2	ESR1
BCL2	JAK2
BCL2	JUN
BCL2	MAPK10
BCL2	MAPK8
BCL2	MYBL1
BCL2	NCOA3
BCL2	NFKB1
BCL2	NR4A1
BCL2	PMAIP1
BCL2	PPARG
BCL2	PPP2R2B
BCL2	PRKAR2B
BCL2	RAD21
BCL2	RIPK2
BCL2	STAT1
BCL2	STAT4
BCL2A1	CEBPB
BCL2A1	NFKB1
BCL2A1	POU2F2
BCL2L11	FOS
BCL2L11	FOXO3
BCL2L11	JUN
BCL2L11	MAPK10
BCL2L11	MAPK8
BCL2L11	MYC
BID	BIRC3
BID	CRADD
BID	CTSB
BID	CTSC
BID	CTSH
BID	CTSS
BID	CTSW
BID	CTSZ
BID	GSN
BID	GZMB
BID	MAP3K5
BID	MAPK10
BID	MAPK8
BID	TNF
BIRC3	CD40
BIRC3	CD40LG
BIRC3	CRADD
BIRC3	CTSB
BIRC3	CTSC
BIRC3	CTSH
BIRC3	CTSS
BIRC3	CTSW
BIRC3	CTSZ
BIRC3	GAPDH
BIRC3	GZMB
BIRC3	LEF1
BIRC3	LTA
BIRC3	LTB
BIRC3	MAP3K5
BIRC3	NFKB1
BIRC3	RIPK2
BIRC3	SMPD3
BIRC3	TCF7
BIRC3	TCF7L1
BIRC3	TCF7L2
BIRC3	TNF
BIRC3	TNFAIP3
BIRC3	TNFRSF10B
BIRC3	TNFRSF11A
BIRC3	TNFRSF13C
BIRC3	TNFRSF1B
BIRC3	TNFSF10
BIRC3	TNFSF11
BIRC3	TNFSF13B
BIRC3	TNFSF14
BIRC3	TRAF1
BIRC3	TRAF3
BLM	BRCA1
BLM	BRCA2
BLM	BRIP1
BLM	CHEK1
BLM	CLSPN
BLM	DNA2
BLM	EXO1
BLM	FANCC
BLM	FEN1
BLM	GEN1
BLM	PCNA
BLM	RAD51AP1
BLM	RAD51B
BLM	RBBP8
BLM	RFC3
BLM	SPIDR
BLM	UBE2T
BLNK	BTK
BLNK	CD79A
BLNK	CD79B
BLNK	FGR
BLNK	IGHM
BLNK	LYN
BLNK	PLCG2
BLNK	SH3BP5
BLNK	SOS1
BLNK	SRC
BLNK	SYK
BLNK	TEC
BLNK	VAV3
BLNK	YES1
BMPR1B	NCF1
BMPR1B	NCF2
BMPR1B	NLK
BMPR1B	ZFYVE16
BRCA1	BRCA2
BRCA1	BRIP1
BRCA1	CEBPB
BRCA1	CHEK1
BRCA1	CLSPN
BRCA1	DNA2
BRCA1	EGR1
BRCA1	ESR1
BRCA1	ETS2
BRCA1	EXO1
BRCA1	FANCC
BRCA1	FANCI
BRCA1	GADD45A
BRCA1	GEN1
BRCA1	IGF1R
BRCA1	IRF8
BRCA1	JUN
BRCA1	MMS22L
BRCA1	MND1
BRCA1	MYC
BRCA1	NSD2
BRCA1	PCNA
BRCA1	PLCG2
BRCA1	POU2F1
BRCA1	RAD21
BRCA1	RAD51AP1
BRCA1	RAD51B
BRCA1	RBBP8
BRCA1	RFC3
BRCA1	SKA3
BRCA1	SMC1A
BRCA1	SPIDR
BRCA1	STAG1
BRCA1	STAG3
BRCA1	STAT1
BRCA1	TCF4
BRCA2	BRIP1
BRCA2	CHEK1
BRCA2	DNA2
BRCA2	ESR1
BRCA2	EXO1
BRCA2	FANCI
BRCA2	GEN1
BRCA2	MND1
BRCA2	NFKB1
BRCA2	RAD51AP1
BRCA2	RAD51B
BRCA2	RBBP8
BRCA2	RFC3
BRCA2	SPIDR
BRIP1	CHEK1
BRIP1	CLSPN
BRIP1	DNA2
BRIP1	EXO1
BRIP1	GEN1
BRIP1	RAD51AP1
BRIP1	RAD51B
BRIP1	RBBP8
BRIP1	RFC3
BRIP1	SPIDR
BTK	CD79A
BTK	CD79B
BTK	FCER1G
BTK	FGR
BTK	FOS
BTK	GNA14
BTK	GNAQ
BTK	GNG2
BTK	HMGB1
BTK	IGHM
BTK	IRAK2
BTK	IRAK3
BTK	JAK2
BTK	JUN
BTK	KLRC2
BTK	KLRD1
BTK	LYN
BTK	MAPK8
BTK	PLCG2
BTK	SH3BP5
BTK	SOS1
BTK	SRC
BTK	SYK
BTK	TEC
BTK	TLR2
BTK	TNFRSF11A
BTK	TRAF3
BTK	TYROBP
BTK	VAV3
BTK	YES1
BUB1	BUB1B
BUB1	CCNB1
BUB1	CCNB2
BUB1	CDCA5
BUB1	CDCA8
BUB1	CDK1
BUB1	CENPA
BUB1	CENPE
BUB1	CENPF
BUB1	CENPI
BUB1	CENPM
BUB1	CENPP
BUB1	CENPU
BUB1	CKAP5
BUB1	DIAPH2
BUB1	INCENP
BUB1	KIF18A
BUB1	KIF2C
BUB1	KNL1
BUB1	MAD2L1
BUB1	NDC80
BUB1	NUF2
BUB1	PLK1
BUB1	RAD21
BUB1	SGO2
BUB1	SMC1A
BUB1	SPC25
BUB1	STAG1
BUB1	ZWINT
BUB1B	CCNB1
BUB1B	CCNB2
BUB1B	CDCA5
BUB1B	CDCA8
BUB1B	CDK1
BUB1B	CENPA
BUB1B	CENPE
BUB1B	CENPF
BUB1B	CENPI
BUB1B	CENPM
BUB1B	CENPP
BUB1B	CENPU
BUB1B	CKAP5
BUB1B	DIAPH2
BUB1B	INCENP
BUB1B	JUN
BUB1B	KIF18A
BUB1B	KIF2C
BUB1B	KNL1
BUB1B	MAD2L1
BUB1B	NDC80
BUB1B	NUF2
BUB1B	PLK1
BUB1B	RAD21
BUB1B	SGO2
BUB1B	SMC1A
BUB1B	SPC25
BUB1B	STAG1
BUB1B	UBE2S
BUB1B	ZWINT
C3AR1	GNG2
C5AR1	GNG2
CA2	FOS
CABLES1	ROBO1
CABLES1	TP63
CACNB4	CAMK2D
CACNB4	NCAM1
CACNB4	PPP2R2B
CACNB4	RASGRF2
CACNB4	RASGRP3
CALCB	CALCRL
CALCB	GNG2
CALCB	RAMP1
CALCRL	GNG2
CALCRL	RAMP1
CALD1	ESR1
CALD1	ITGA1
CALD1	MYL9
CALD1	TPM2
CALD1	TPM4
CALR	FOS
CAMK1D	CREB5
CAMK2D	CREB5
CAMK2D	DLG2
CAMK2D	FGF12
CAMK2D	GRIA3
CAMK2D	IFNG
CAMK2D	ITPR2
CAMK2D	JAK2
CAMK2D	MDM2
CAMK2D	PDE3B
CAMK2D	PDE4B
CAMK2D	PDE4D
CAMK2D	PLCB1
CAMK2D	PLCG2
CAMK2D	RAD21
CAMK2D	STAT1
CAMK2D	TLE1
CAMK4	CREB5
CAMK4	GNB4
CAMK4	GNG2
CAMK4	GNG4
CAMK4	GNG7
CAMK4	GNG8
CAMK4	KPNA2
CAMK4	PDE3B
CAMK4	PDE4B
CAMK4	PDE4D
CAMK4	PLCG2
CAMK4	TBL1X
CASK	EPB41L2
CASK	EPB41L3
CASK	GSN
CASK	MYO3B
CASK	PRKN
CASK	RDX
CASK	SPTBN1
CASK	UNC13B
CBLB	CD40
CBLB	CD40LG
CBLB	FCER1G
CBLB	IGF1R
CBLB	INSR
CBLB	LYN
CBLB	RAPGEF1
CBLB	SPRY2
CBLB	SYK
CCDC88A	TCF4
CCL3	CCL4
CCL3	CCL5
CCL3	CCR1
CCL3	CCR10
CCL3	CCR3
CCL3	CCR6
CCL3	CCR7
CCL3	CEBPB
CCL3	CX3CR1
CCL3	CXCR6
CCL3	FOS
CCL3	JUN
CCL3	MEF2A
CCL3	MEF2C
CCL3	NFKB1
CCL3L1	CCR1
CCL3L1	CCR10
CCL3L1	CCR3
CCL3L1	CCR6
CCL3L1	CCR7
CCL3L1	CEBPB
CCL3L1	CX3CR1
CCL3L1	CXCR6
CCL3L1	FOS
CCL3L1	JUN
CCL3L1	NFKB1
CCL4	CCR1
CCL4	CCR10
CCL4	CCR3
CCL4	CCR6
CCL4	CCR7
CCL4	CEBPB
CCL4	CX3CR1
CCL4	CXCR6
CCL4	FOS
CCL4	GNAQ
CCL4	GNG2
CCL4	JUN
CCL4	NFKB1
CCL4	PRKAR2B
CCL5	CCR1
CCL5	CCR10
CCL5	CCR3
CCL5	CCR6
CCL5	CCR7
CCL5	CEBPB
CCL5	CEBPD
CCL5	CX3CR1
CCL5	CXCR6
CCL5	EGR1
CCL5	FOS
CCL5	FOSB
CCL5	GNG2
CCL5	JUN
CCL5	NFKB1
CCL5	REL
CCL5	XCL1
CCL5	XCL2
CCNA2	CCNB1
CCNA2	CDC6
CCNA2	CDK1
CCNA2	CDKN1A
CCNA2	MAPK8
CCNA2	MDM2
CCNA2	MYBL2
CCNA2	USP37
CCNA2	ZBTB16
CCNB1	CCNF
CCNB1	CDCA5
CCNB1	CDCA8
CCNB1	CDK1
CCNB1	CENPA
CCNB1	CENPE
CCNB1	CENPF
CCNB1	CENPI
CCNB1	CENPM
CCNB1	CENPP
CCNB1	CENPU
CCNB1	CKAP5
CCNB1	FBXO5
CCNB1	FOXO3
CCNB1	GADD45A
CCNB1	GADD45B
CCNB1	GADD45G
CCNB1	INCENP
CCNB1	KIF18A
CCNB1	KIF2C
CCNB1	KNL1
CCNB1	LMNA
CCNB1	MAD2L1
CCNB1	NCAPD3
CCNB1	NCAPG
CCNB1	NCAPG2
CCNB1	NCAPH
CCNB1	NDC1
CCNB1	NDC80
CCNB1	NUF2
CCNB1	ORC6
CCNB1	PLK1
CCNB1	RAD21
CCNB1	RUNX2
CCNB1	SGO2
CCNB1	SMC1A
CCNB1	SMC2
CCNB1	SMC4
CCNB1	SPC25
CCNB1	STAG1
CCNB1	UBE2S
CCNB1	ZWINT
CCNB2	CDCA5
CCNB2	CDCA8
CCNB2	CDK1
CCNB2	CENPA
CCNB2	CENPE
CCNB2	CENPF
CCNB2	CENPI
CCNB2	CENPM
CCNB2	CENPP
CCNB2	CENPU
CCNB2	CKAP5
CCNB2	CPEB4
CCNB2	FOXO3
CCNB2	GADD45A
CCNB2	GADD45B
CCNB2	GADD45G
CCNB2	INCENP
CCNB2	KIF18A
CCNB2	KIF2C
CCNB2	KNL1
CCNB2	MAD2L1
CCNB2	NCAPG
CCNB2	NCAPH
CCNB2	NDC1
CCNB2	NDC80
CCNB2	NUF2
CCNB2	PLK1
CCNB2	RAD21
CCNB2	SGO2
CCNB2	SMC1A
CCNB2	SMC2
CCNB2	SMC4
CCNB2	SPC25
CCNB2	STAG1
CCNB2	ZWINT
CCND1	CCND2
CCND1	CCNE2
CCND1	CDK6
CCND1	CDKN1A
CCND1	CDKN2D
CCND1	CREB5
CCND1	CREM
CCND1	EGR1
CCND1	ESR1
CCND1	FOS
CCND1	FOXO3
CCND1	JUN
CCND1	KAT2B
CCND1	LEF1
CCND1	MAML2
CCND1	MAML3
CCND1	MYB
CCND1	MYC
CCND1	NCOA3
CCND1	NFKB1
CCND1	PCNA
CCND1	POU2F1
CCND1	RAD21
CCND1	RBL1
CCND1	RBPJ
CCND1	RUNX2
CCND1	STAT1
CCND1	STAT4
CCND1	TCF7
CCND1	TCF7L1
CCND1	TCF7L2
CCND1	THRB
CCND1	YBX3
CCND2	CCNE2
CCND2	CDK6
CCND2	CDKN1A
CCND2	CDKN2D
CCND2	FOXO3
CCND2	JUN
CCND2	LEF1
CCND2	MYC
CCND2	PCNA
CCND2	RBL1
CCND2	STAT1
CCND2	STAT4
CCND2	TCF7
CCND2	TCF7L1
CCND2	TCF7L2
CCNE2	CDC6
CCNE2	CDK1
CCNE2	CDK6
CCNE2	CDKN1A
CCNE2	CKS1B
CCNE2	PRKN
CCNE2	RBL1
CCNF	HECTD2
CCNF	HERC5
CCNF	LMO7
CCNF	NEDD4L
CCNF	RNF144B
CCNF	RNF19A
CCNF	RNF19B
CCNF	RNF213
CCNF	RNF217
CCNF	ZNRF2
CCR1	CXCL13
CCR1	CXCL16
CCR1	CXCR6
CCR1	GNAQ
CCR1	GNG2
CCR1	GRK3
CCR1	JAK2
CCR1	XCL1
CCR1	XCL2
CCR10	CCR7
CCR10	CXCL13
CCR10	CXCL16
CCR10	GNAQ
CCR10	GNG2
CCR10	GRK3
CCR10	JAK2
CCR10	XCL1
CCR10	XCL2
CCR3	CXCL13
CCR3	CXCL16
CCR3	GNAQ
CCR3	GNG2
CCR3	GRK3
CCR3	JAK2
CCR3	XCL1
CCR3	XCL2
CCR6	CXCL13
CCR6	CXCL16
CCR6	GNAQ
CCR6	GNG2
CCR6	GRK3
CCR6	JAK2
CCR6	XCL1
CCR6	XCL2
CCR7	CEBPB
CCR7	CXCL13
CCR7	CXCL16
CCR7	FOS
CCR7	GNAQ
CCR7	GNG2
CCR7	GRK3
CCR7	IRF4
CCR7	JAK2
CCR7	JUN
CCR7	NFKB1
CCR7	POU2F2
CCR7	XCL1
CCR7	XCL2
CD226	NECTIN2
CD27	CD70
CD274	CD4
CD274	CD80
CD274	FOS
CD274	HLA-DPA1
CD274	HLA-DPB1
CD274	HLA-DQA1
CD274	HLA-DQB1
CD274	HLA-DRA
CD274	HLA-DRB1
CD274	HLA-DRB5
CD274	JUN
CD274	NFKB1
CD274	STAT1
CD274	TRAV19
CD274	TRBC1
CD38	PRKCA
CD38	PRKCB
CD38	PRKG1
CD38	PRKG2
CD4	CD80
CD4	CD86
CD4	CD8A
CD4	DNAJC6
CD4	EGR1
CD4	ETS2
CD4	GNG2
CD4	HIP1
CD4	HLA-DMB
CD4	HLA-DPA1
CD4	HLA-DPB1
CD4	HLA-DQA1
CD4	HLA-DQB1
CD4	HLA-DRA
CD4	HLA-DRB1
CD4	HLA-DRB5
CD4	HSPA8
CD4	IL12RB2
CD4	ITSN1
CD4	JAK2
CD4	JUN
CD4	MYB
CD4	PTPRJ
CD4	RGS1
CD4	SNX9
CD4	STAT4
CD4	TRAV19
CD4	TRBC1
CD40	CD40LG
CD40	JUN
CD40	MAPK10
CD40	MAPK8
CD40	NFKB1
CD40	NFKBIA
CD40	TRAF1
CD40	TRAF3
CD40LG	FOS
CD40LG	ICOS
CD40LG	IL4
CD40LG	MAPK10
CD40LG	MAPK8
CD40LG	NFKB1
CD40LG	NFKBIA
CD40LG	REL
CD40LG	TRAF1
CD40LG	TRAF3
CD44	COL6A1
CD44	COL6A2
CD44	EGR1
CD44	IRF4
CD44	JUN
CD44	NFKB1
CD44	TIAM1
CD44	VAV3
CD44	ZEB1
CD58	JUN
CD58	NFKB1
CD69	EGR1
CD69	EGR3
CD69	FOS
CD69	JUN
CD69	NFKB1
CD70	MEF2C
CD70	STAT1
CD74	CTSB
CD74	CTSS
CD74	HLA-DMA
CD74	HLA-DMB
CD74	HLA-DPA1
CD74	HLA-DPB1
CD74	HLA-DQA1
CD74	HLA-DQB1
CD74	HLA-DRA
CD74	HLA-DRB1
CD74	HLA-DRB5
CD74	LGMN
CD74	MEF2A
CD74	MEF2C
CD74	MIF
CD74	NFKB1
CD74	POU2F2
CD79A	CD79B
CD79A	DAPP1
CD79A	IGHM
CD79A	IRF4
CD79A	JAK2
CD79A	LYN
CD79A	PLCG2
CD79A	POU2F1
CD79A	POU2F2
CD79A	SH3BP5
CD79A	SOS1
CD79A	SYK
CD79B	DAPP1
CD79B	IGHM
CD79B	JAK2
CD79B	LYN
CD79B	PLCG2
CD79B	POU2F1
CD79B	POU2F2
CD79B	SH3BP5
CD79B	SOS1
CD79B	SYK
CD80	CD8A
CD80	CD8B
CD80	CTLA4
CD80	GAB2
CD80	HLA-DRA
CD80	HLA-DRB1
CD80	IL1RAP
CD80	JAK2
CD80	JUN
CD80	LYN
CD80	NFKB1
CD80	SRC
CD80	STAT4
CD80	YES1
CD83	NFKB1
CD83	PPARG
CD86	CD8A
CD86	CD8B
CD86	CTLA4
CD86	GAB2
CD86	HLA-DRA
CD86	HLA-DRB1
CD86	IL1RAP
CD86	LYN
CD86	NFKB1
CD86	SRC
CD86	STAT4
CD86	YES1
CD8A	CD8B
CD8A	IL12RB2
CD8A	IL2RA
CD8A	JAK2
CD8A	JUN
CD8A	MAPK8
CD8A	TRAV19
CD8A	TRBC1
CD8B	IL12RB2
CD8B	IL2RA
CD8B	JAK2
CD8B	JUN
CD8B	MAPK8
CD8B	TRAV19
CD8B	TRBC1
CD9	EGR1
CD9	HBEGF
CD9	HSP90AA1
CD9	HSP90AB1
CD9	ITGB1
CDC6	CDK1
CDC6	CDT1
CDC6	CLSPN
CDC6	MCM10
CDC6	MCM3
CDC6	MCM4
CDC6	MCM6
CDC6	MCM7
CDC6	ORC6
CDC6	POLA1
CDC6	PRIM2
CDC6	RFC3
CDC6	UBE2S
CDCA5	CDCA8
CDCA5	CDK1
CDCA5	CENPA
CDCA5	CENPE
CDCA5	CENPF
CDCA5	CENPI
CDCA5	CENPM
CDCA5	CENPP
CDCA5	CENPU
CDCA5	CKAP5
CDCA5	INCENP
CDCA5	KIF18A
CDCA5	KIF2C
CDCA5	KNL1
CDCA5	MAD2L1
CDCA5	NDC80
CDCA5	NUF2
CDCA5	PLK1
CDCA5	RAD21
CDCA5	SGO2
CDCA5	SMC1A
CDCA5	SPC25
CDCA5	STAG1
CDCA5	ZWINT
CDCA8	CDK1
CDCA8	CENPA
CDCA8	CENPE
CDCA8	CENPF
CDCA8	CENPI
CDCA8	CENPM
CDCA8	CENPP
CDCA8	CENPU
CDCA8	CKAP5
CDCA8	DIAPH2
CDCA8	EVI5
CDCA8	INCENP
CDCA8	KIF18A
CDCA8	KIF23
CDCA8	KIF2C
CDCA8	KLHL13
CDCA8	KNL1
CDCA8	MAD2L1
CDCA8	NDC1
CDCA8	NDC80
CDCA8	NUF2
CDCA8	PLK1
CDCA8	RACGAP1
CDCA8	RAD21
CDCA8	SGO2
CDCA8	SMC1A
CDCA8	SPC25
CDCA8	STAG1
CDCA8	ZWINT
CDK1	CDK5RAP2
CDK1	CDKN1A
CDK1	CENPA
CDK1	CENPE
CDK1	CENPF
CDK1	CENPI
CDK1	CENPM
CDK1	CENPP
CDK1	CENPU
CDK1	CKAP5
CDK1	CKS1B
CDK1	CPEB4
CDK1	ETS2
CDK1	FBXO5
CDK1	GADD45A
CDK1	GADD45B
CDK1	GADD45G
CDK1	HMMR
CDK1	HSP90AA1
CDK1	INCENP
CDK1	KIF18A
CDK1	KIF2C
CDK1	KNL1
CDK1	LMNA
CDK1	MAD2L1
CDK1	MDM2
CDK1	MYB
CDK1	NCAPD3
CDK1	NCAPG
CDK1	NCAPG2
CDK1	NCAPH
CDK1	NDC1
CDK1	NDC80
CDK1	NME7
CDK1	NUF2
CDK1	ORC6
CDK1	PLK1
CDK1	PRKAR2B
CDK1	RAD21
CDK1	RUNX2
CDK1	SCLT1
CDK1	SGO2
CDK1	SMC1A
CDK1	SMC2
CDK1	SMC4
CDK1	SPC25
CDK1	STAG1
CDK1	TCTN1
CDK1	TCTN3
CDK1	TPX2
CDK1	TUBA1A
CDK1	TUBA4A
CDK1	TUBB
CDK1	TUBB4B
CDK1	UBE2S
CDK1	ZWINT
CDK19	CEBPB
CDK19	EBF1
CDK19	MED13L
CDK19	NCOA3
CDK19	PPARG
CDK19	TBL1X
CDK19	TNF
CDK5RAP2	CKAP5
CDK5RAP2	HMMR
CDK5RAP2	HSP90AA1
CDK5RAP2	NME7
CDK5RAP2	PLK1
CDK5RAP2	PRKAR2B
CDK5RAP2	SCLT1
CDK5RAP2	TCTN1
CDK5RAP2	TCTN3
CDK5RAP2	TPX2
CDK5RAP2	TUBA1A
CDK5RAP2	TUBA4A
CDK5RAP2	TUBB
CDK5RAP2	TUBB4B
CDK6	CDKN1A
CDK6	CDKN2D
CDK6	MYB
CDK6	MYC
CDK6	PCNA
CDK6	RBL1
CDK6	RUNX1
CDKN1A	CKS1B
CDKN1A	CREB5
CDKN1A	ESR1
CDKN1A	FOS
CDKN1A	FOXO3
CDKN1A	GTSE1
CDKN1A	HSP90AA1
CDKN1A	HSP90AB1
CDKN1A	JUN
CDKN1A	KIR2DL4
CDKN1A	MAP3K5
CDKN1A	PPARG
CDKN1A	RBL1
CDKN1A	STAT1
CDKN1A	STAT4
CDKN1A	UBE2S
CDKN2D	FOXO3
CDKN2D	MDM2
CDT1	GMNN
CDT1	MCM10
CDT1	MCM3
CDT1	MCM4
CDT1	MCM6
CDT1	MCM7
CDT1	ORC6
CDT1	UBE2S
CEBPB	CEBPD
CEBPB	CIITA
CEBPB	CTSS
CEBPB	EAF2
CEBPB	EBF1
CEBPB	EGR1
CEBPB	ENPP2
CEBPB	ESR1
CEBPB	FADS1
CEBPB	FGFR1
CEBPB	FOS
CEBPB	FOXO3
CEBPB	HLF
CEBPB	HMGA1
CEBPB	HMOX1
CEBPB	ICAM1
CEBPB	IL1A
CEBPB	IL4
CEBPB	IL6
CEBPB	IL6R
CEBPB	INSR
CEBPB	IRF4
CEBPB	IRF8
CEBPB	JUN
CEBPB	LY86
CEBPB	MED13L
CEBPB	MYB
CEBPB	MYBL1
CEBPB	NCOA3
CEBPB	NFKB1
CEBPB	NFKBIA
CEBPB	PCNA
CEBPB	PPARG
CEBPB	PRKCB
CEBPB	RAD21
CEBPB	RBPJ
CEBPB	RGS1
CEBPB	SMYD3
CEBPB	TLR10
CEBPB	TNF
CEBPB	TNFSF14
CEBPB	UBE2S
CEBPB	VIM
CEBPD	EBF1
CEBPD	IL1A
CEBPD	IL6
CEBPD	MYB
CEBPD	NFKB1
CEBPD	TNF
CENPA	CENPE
CENPA	CENPF
CENPA	CENPI
CENPA	CENPM
CENPA	CENPP
CENPA	CENPU
CENPA	CENPW
CENPA	CKAP5
CENPA	DIAPH2
CENPA	INCENP
CENPA	KIF18A
CENPA	KIF2C
CENPA	KNL1
CENPA	MAD2L1
CENPA	NDC80
CENPA	NPM1
CENPA	NUF2
CENPA	PLK1
CENPA	RAD21
CENPA	SGO2
CENPA	SMC1A
CENPA	SPC25
CENPA	STAG1
CENPA	ZWINT
CENPE	CENPF
CENPE	CENPI
CENPE	CENPM
CENPE	CENPP
CENPE	CENPU
CENPE	CKAP5
CENPE	DIAPH2
CENPE	HLA-DPA1
CENPE	HLA-DPB1
CENPE	HLA-DQA1
CENPE	HLA-DQB1
CENPE	HLA-DRA
CENPE	HLA-DRB1
CENPE	HLA-DRB5
CENPE	INCENP
CENPE	KIF11
CENPE	KIF18A
CENPE	KIF2C
CENPE	KNL1
CENPE	MAD2L1
CENPE	NDC80
CENPE	NUF2
CENPE	OSBPL1A
CENPE	PLK1
CENPE	RAD21
CENPE	SGO2
CENPE	SMC1A
CENPE	SPC25
CENPE	STAG1
CENPE	ZWINT
CENPF	CENPI
CENPF	CENPM
CENPF	CENPP
CENPF	CENPU
CENPF	CKAP5
CENPF	DIAPH2
CENPF	INCENP
CENPF	KIF18A
CENPF	KIF2C
CENPF	KNL1
CENPF	MAD2L1
CENPF	NDC80
CENPF	NUF2
CENPF	PLK1
CENPF	RAD21
CENPF	SGO2
CENPF	SMC1A
CENPF	SPC25
CENPF	STAG1
CENPF	ZWINT
CENPI	CENPM
CENPI	CENPP
CENPI	CENPU
CENPI	CENPW
CENPI	CKAP5
CENPI	DIAPH2
CENPI	INCENP
CENPI	KIF18A
CENPI	KIF2C
CENPI	KNL1
CENPI	MAD2L1
CENPI	NDC80
CENPI	NPM1
CENPI	NUF2
CENPI	PLK1
CENPI	RAD21
CENPI	SGO2
CENPI	SMC1A
CENPI	SPC25
CENPI	STAG1
CENPI	ZWINT
CENPM	CENPP
CENPM	CENPU
CENPM	CENPW
CENPM	CKAP5
CENPM	DIAPH2
CENPM	INCENP
CENPM	KIF18A
CENPM	KIF2C
CENPM	KNL1
CENPM	MAD2L1
CENPM	NDC80
CENPM	NPM1
CENPM	NUF2
CENPM	PLK1
CENPM	RAD21
CENPM	SGO2
CENPM	SMC1A
CENPM	SPC25
CENPM	STAG1
CENPM	ZWINT
CENPP	CENPU
CENPP	CENPW
CENPP	CKAP5
CENPP	DIAPH2
CENPP	INCENP
CENPP	KIF18A
CENPP	KIF2C
CENPP	KNL1
CENPP	MAD2L1
CENPP	NDC80
CENPP	NPM1
CENPP	NUF2
CENPP	PLK1
CENPP	RAD21
CENPP	SGO2
CENPP	SMC1A
CENPP	SPC25
CENPP	STAG1
CENPP	ZWINT
CENPU	CENPW
CENPU	CKAP5
CENPU	DIAPH2
CENPU	INCENP
CENPU	KIF18A
CENPU	KIF2C
CENPU	KNL1
CENPU	MAD2L1
CENPU	NDC80
CENPU	NPM1
CENPU	NUF2
CENPU	PLK1
CENPU	RAD21
CENPU	SGO2
CENPU	SMC1A
CENPU	SPC25
CENPU	STAG1
CENPU	ZWINT
CENPW	KNL1
CENPW	NPM1
CHEK1	CLSPN
CHEK1	DNA2
CHEK1	EXO1
CHEK1	FANCC
CHEK1	KIT
CHEK1	PPP2R2B
CHEK1	RBBP8
CHEK1	RFC3
CHEK1	UBE2T
CIITA	HLA-DMB
CIITA	HLA-DPA1
CIITA	HLA-DPB1
CIITA	HLA-DQA1
CIITA	HLA-DQB1
CIITA	HLA-DRA
CIITA	HLA-DRB1
CIITA	HLA-DRB5
CIITA	IRF4
CIITA	MEF2A
CIITA	MEF2C
CIITA	NFKB1
CIITA	POU2F2
CIITA	STAT1
CIR1	RBPJ
CIT	KIF14
CIT	MYL9
CIT	PRC1
CKAP5	DIAPH2
CKAP5	HMMR
CKAP5	HSP90AA1
CKAP5	INCENP
CKAP5	KIF18A
CKAP5	KIF2C
CKAP5	KNL1
CKAP5	MAD2L1
CKAP5	NDC80
CKAP5	NME7
CKAP5	NUF2
CKAP5	PLK1
CKAP5	PRKAR2B
CKAP5	RAD21
CKAP5	SCLT1
CKAP5	SGO2
CKAP5	SMC1A
CKAP5	SPC25
CKAP5	STAG1
CKAP5	TCTN1
CKAP5	TCTN3
CKAP5	TPX2
CKAP5	TUBA1A
CKAP5	TUBA4A
CKAP5	TUBB
CKAP5	TUBB4B
CKAP5	ZWINT
CKS1B	CKS2
CKS1B	MYC
CKS2	MYC
CLC	POU2F1
CLSPN	DNA2
CLSPN	EXO1
CLSPN	MCM10
CLSPN	MCM3
CLSPN	MCM4
CLSPN	MCM6
CLSPN	MCM7
CLSPN	ORC6
CLSPN	PLK1
CLSPN	RBBP8
CLSPN	RFC3
CLU	FOS
CLU	JUN
CLU	MYBL2
CNR2	GNG2
COL6A1	COL6A2
COL6A1	ITGA1
COL6A1	ITGA2
COL6A1	ITGA2B
COL6A1	ITGA4
COL6A1	ITGAX
COL6A1	ITGB1
COL6A1	LIMS1
COL6A1	NCAM1
COL6A1	PDGFA
COL6A1	PTK2
COL6A2	ITGA1
COL6A2	ITGA2
COL6A2	ITGA2B
COL6A2	ITGA4
COL6A2	ITGAX
COL6A2	ITGB1
COL6A2	LIMS1
COL6A2	NCAM1
COL6A2	PDGFA
COL6A2	PTK2
CPEB4	PLK1
CRADD	MAP3K5
CRADD	SMPD3
CRADD	TANK
CRADD	TNF
CRADD	TRAF1
CREB5	CREM
CREB5	EGR1
CREB5	FOS
CREB5	FOSB
CREB5	JUN
CREB5	NCEH1
CREB5	PCNA
CREB5	PRKCA
CREB5	PRKCB
CREB5	PRKG1
CREB5	PRKG2
CREB5	RAD21
CREB5	RPS6KA5
CREB5	TAF4B
CREB5	TNFSF11
CREM	FOS
CREM	ICAM1
CREM	JUN
CREM	PRKAR2B
CREM	RAD21
CRTAM	NECTIN2
CSF1	CSF1R
CSF1	FGFR1
CSF1	FLT1
CSF1	FLT3
CSF1	IGF1R
CSF1	INSR
CSF1	KIT
CSF1	MYC
CSF1	NFKB1
CSF1	STAT1
CSF1R	EFNA5
CSF1R	IGF1
CSF1R	PDGFA
CSF1R	PDGFD
CSF1R	PLCB1
CSF1R	VAV3
CSF2RA	CSF2RB
CSF2RA	GAB2
CSF2RA	IFNG
CSF2RA	IL15
CSF2RA	IL3RA
CSF2RA	IL4
CSF2RA	IL6
CSF2RA	IL7
CSF2RA	ITGB1
CSF2RA	JAK2
CSF2RA	LYN
CSF2RA	OSM
CSF2RA	PDGFA
CSF2RA	SOS1
CSF2RA	STAT1
CSF2RA	SYK
CSF2RB	GAB2
CSF2RB	IFNG
CSF2RB	IL15
CSF2RB	IL3RA
CSF2RB	IL4
CSF2RB	IL6
CSF2RB	IL7
CSF2RB	JAK2
CSF2RB	LYN
CSF2RB	OSM
CSF2RB	PDGFA
CSF2RB	SOS1
CSF2RB	STAT1
CSF2RB	SYK
CSTB	JUN
CTBP2	EOMES
CTBP2	HDAC8
CTBP2	LEF1
CTBP2	RBPJ
CTBP2	RUNX1
CTBP2	TCF7
CTBP2	TCF7L1
CTBP2	TCF7L2
CTBP2	TLE1
CTBP2	ZFHX3
CTLA4	LYN
CTLA4	SRC
CTLA4	YES1
CTNNA3	PCDH9
CTNNAL1	PCDH9
CTSB	NFKB1
CTSB	NLRP3
CTSH	EGR1
CTSH	JUN
CTSH	RAD21
CTSS	HLA-DPA1
CTSS	HLA-DPB1
CTSS	HLA-DQA1
CTSS	HLA-DQB1
CTSS	HLA-DRA
CTSS	HLA-DRB1
CTSS	HLA-DRB5
CX3CR1	CXCL13
CX3CR1	CXCL16
CX3CR1	GNAQ
CX3CR1	GNG2
CX3CR1	GRK3
CX3CR1	JAK2
CX3CR1	XCL1
CX3CR1	XCL2
CXCL13	CXCR6
CXCL13	GNG2
CXCL16	CXCR6
CXCL16	GNG2
CXCR6	GNAQ
CXCR6	GNG2
CXCR6	GRK3
CXCR6	JAK2
CXCR6	XCL1
CXCR6	XCL2
CXXC5	ESR1
CYP1B1	EGR1
CYP1B1	ESR1
CYP1B1	GSTP1
CYP1B1	HPGDS
CYP1B1	MGST1
CYP1B1	NFKB1
CYP1B1	STAT1
CYP1B1	ZEB1
CYP27A1	PPARG
CYSLTR1	GNA14
CYSLTR1	GNAQ
CYSLTR1	GNG2
CYSLTR1	PROK2
CYSLTR1	PTAFR
CYSLTR1	XCL1
CYSLTR1	XCL2
DAB1	ITGB1
DAB1	MAPK8
DAB1	RAPGEF1
DAPP1	FGR
DAPP1	LYN
DAPP1	PLCG2
DAPP1	PPP3CA
DAPP1	SRC
DAPP1	YES1
DDX21	DEK
DDX21	KAT2B
DEK	KAT2B
DENND1A	JUN
DENND4A	NFKB1
DENND5A	RAB39A
DENND5B	RAB39A
DGKG	PLCB1
DGKG	PLCG2
DGKH	PLCB1
DGKH	PLCG2
DGKI	PLCB1
DGKI	PLCG2
DIAPH2	INCENP
DIAPH2	KIF18A
DIAPH2	KIF2C
DIAPH2	KNL1
DIAPH2	MAD2L1
DIAPH2	NDC80
DIAPH2	NUF2
DIAPH2	PLK1
DIAPH2	SGO2
DIAPH2	SPC25
DIAPH2	SRC
DIAPH2	ZWINT
DLG2	DLGAP1
DLG2	DLGAP2
DLG2	GRIA3
DLG2	PDLIM5
DLG2	RASGRF2
DLG2	SIPA1L1
DLG2	SRC
DMD	ITGB1
DMD	JAK2
DMD	JUN
DMD	TPM2
DMD	TPM4
DMD	TTN
DMD	VIM
DNA2	GEN1
DNA2	PCNA
DNA2	POLA1
DNA2	PRIM2
DNA2	RAD51AP1
DNA2	RAD51B
DNA2	RBBP8
DNA2	RFC3
DNA2	SPIDR
DNAH8	TUBB
DNAH8	TUBB4B
DNAH8	TUBB6
DNAJC6	HBEGF
DNAJC6	HIP1
DNAJC6	HSPA8
DNAJC6	IGF2R
DNAJC6	IL7R
DNAJC6	ITSN1
DNAJC6	SNX9
DNAJC6	TFRC
DOCK1	ELMO1
DOCK1	FCGR2A
DOCK1	FCGR3A
DOCK1	HSP90AA1
DOCK1	PTK2
DOCK1	SRC
DOCK1	SYK
DOCK1	YES1
DOK6	SRC
DPF3	PPARG
DPYSL2	NRP1
DPYSL2	NUMB
DPYSL2	PLXNA4
DPYSL2	SEMA3A
DTL	PCNA
DTL	RFC3
DUSP1	FOS
DUSP1	JUN
DUSP1	MAPK10
DUSP1	MAPK8
DUSP2	MAPK10
DUSP2	MAPK8
DUSP4	EGR1
DUSP4	MAPK10
DUSP4	MAPK8
DUSP6	MAPK10
DUSP6	MAPK8
DUSP6	TCF4
DUSP6	ZBTB16
EAF2	FOS
EAF2	JUN
EAF2	MLLT3
EBF1	IKZF2
EBF1	IRF4
EBF1	JUN
EBF1	KLF6
EBF1	MED13L
EBF1	NCOA3
EBF1	NFKB1
EBF1	POU2F2
EBF1	PPARG
EBF1	PTAFR
EBF1	RUNX1
EBF1	SP140
EBF1	TNF
EBF1	TP63
EBI3	IL12RB2
EBI3	IL27
EBI3	JAK2
EBI3	NFKB1
EBI3	POU2F2
EBI3	STAT1
EBI3	STAT4
ECT2	PLK1
EDA	EDARADD
EDA	LEF1
EED	EZH2
EED	JARID2
EED	NCOA3
EED	TBL1X
EFNA5	EPHA4
EFNA5	EPHB1
EFNA5	EPHB6
EFNA5	FGFR1
EFNA5	FGR
EFNA5	FLT1
EFNA5	FLT3
EFNA5	IGF1R
EFNA5	INSR
EFNA5	KIT
EFNA5	LYN
EFNA5	SRC
EFNA5	YES1
EGLN3	EPAS1
EGLN3	PRKCA
EGLN3	PRKCB
EGLN3	RAD21
EGR1	EGR2
EGR1	ETS2
EGR1	FLT1
EGR1	FOS
EGR1	FOSB
EGR1	HLF
EGR1	HMGA1
EGR1	HSP90AA1
EGR1	HSP90AB1
EGR1	IFNG
EGR1	IL1A
EGR1	IL4I1
EGR1	IL6
EGR1	ITGAX
EGR1	JUN
EGR1	KDM7A
EGR1	LTB
EGR1	MAPK10
EGR1	MAPK8
EGR1	NCL
EGR1	NME1
EGR1	PECAM1
EGR1	PLCG2
EGR1	POU2F2
EGR1	PPARG
EGR1	QKI
EGR1	REL
EGR1	RFX2
EGR1	SP140
EGR1	STAT1
EGR1	TIMP1
EGR1	TIMP2
EGR1	TNF
EGR1	YES1
EGR2	ETS2
EGR2	FOS
EGR2	FOSB
EGR2	IRF4
EGR2	JUN
EGR2	MEF2A
EGR2	MEF2C
EGR2	NCOA3
EGR2	NFKB1
EGR2	PBX1
EGR2	POU2F2
EGR2	RAD21
EGR3	FOS
EGR3	FOSB
EGR3	JUN
EGR3	TCF4
EIF2AK3	HSPA5
EIF2AK3	IFIT1
EIF2AK3	STAT1
EIF4EBP1	RPS6KA5
EIF4G3	HERC5
ELL2	POU2F1
ELL2	POU2F2
ELMO1	FCGR2A
ELMO1	FCGR3A
ELMO1	FGR
ELMO1	HSP90AA1
ELMO1	LYN
ELMO1	PTK2
ELMO1	SRC
ELMO1	SYK
ELMO1	YES1
ENO1	MYC
ENPP2	JUN
ENPP2	POU2F1
ENTPD1	JUN
ENTPD1	NFKB1
EPAS1	FLT1
EPAS1	FOXP1
EPAS1	PBX1
EPB41L2	RAD21
EPB41L3	GSN
EPB41L3	MYO3B
EPB41L3	RDX
EPB41L3	SPTBN1
EPHA4	EPHB1
EPHA4	EPHB6
EPHA4	FGR
EPHA4	LYN
EPHA4	SRC
EPHA4	VAV3
EPHA4	YES1
EPHB1	EPHB6
EPHB1	FGR
EPHB1	LYN
EPHB1	PAK1
EPHB1	PTK2
EPHB1	PTPN13
EPHB1	SDCBP
EPHB1	SRC
EPHB1	TIAM1
EPHB1	YES1
EPHB6	PAK1
EPHB6	SDCBP
EPHB6	SRC
ERC1	NFKB1
ERC1	NFKBIA
ERC1	PRKCA
ERN1	HSPA5
ERN1	MAP3K5
ERN1	MAPK10
ERN1	MAPK8
ERN1	TRIM2
ESCO2	RAD21
ESCO2	SMC1A
ESCO2	STAG1
ESR1	FOS
ESR1	FOSB
ESR1	GADD45A
ESR1	GADD45B
ESR1	GNA14
ESR1	GNAQ
ESR1	GNG2
ESR1	HBEGF
ESR1	HDAC9
ESR1	HSP90AA1
ESR1	HSP90AB1
ESR1	IGF1
ESR1	IGF1R
ESR1	IGFBP4
ESR1	IL1RAP
ESR1	JAK2
ESR1	JUN
ESR1	KANK1
ESR1	KAT2B
ESR1	MAPK10
ESR1	MAPK8
ESR1	MED13L
ESR1	MEF2C
ESR1	MYC
ESR1	NCOA3
ESR1	NFIA
ESR1	PCNA
ESR1	POU2F1
ESR1	PPARG
ESR1	PTK2
ESR1	PTMA
ESR1	RAD21
ESR1	RUNX1
ESR1	RUNX2
ESR1	SLC39A8
ESR1	SLC8A1
ESR1	SMC1A
ESR1	SOS1
ESR1	SRC
ESR1	STAG1
ESR1	STAT1
ETS2	FLT1
ETS2	FOS
ETS2	HBEGF
ETS2	JUN
ETS2	MYB
ETS2	MYBL1
ETS2	MYC
ETV6	GAB2
ETV6	SOS1
EVI5	INCENP
EXO1	FEN1
EXO1	GEN1
EXO1	PCNA
EXO1	RAD51AP1
EXO1	RAD51B
EXO1	RBBP8
EXO1	RFC3
EXO1	SPIDR
EXT1	GPC3
EXT1	GPC5
EZH2	JARID2
EZH2	NCOA3
EZH2	RAD21
EZH2	TBL1X
FANCC	FANCI
FANCC	RFC3
FANCC	UBE2T
FANCI	RFC3
FANCI	UBE2T
FBP1	NFKB1
FBXO5	PLK1
FCER1G	FCGR3A
FCER1G	FER
FCER1G	FOS
FCER1G	GAB2
FCER1G	JAK2
FCER1G	JUN
FCER1G	KLRG1
FCER1G	LYN
FCER1G	MAPK8
FCER1G	NCR1
FCER1G	NCR3
FCER1G	PLA2G4A
FCER1G	PLCG2
FCER1G	PTK2
FCER1G	SOS1
FCER1G	SYK
FCGR2A	FCGR3A
FCGR2A	FGR
FCGR2A	LILRB1
FCGR2A	LILRB3
FCGR2A	LYN
FCGR2A	PLCG2
FCGR2A	PRKCB
FCGR2A	SRC
FCGR2A	SYK
FCGR2A	TNFRSF11A
FCGR2A	VAV3
FCGR2A	YES1
FCGR3A	FGR
FCGR3A	JAK2
FCGR3A	LILRB1
FCGR3A	LILRB3
FCGR3A	LYN
FCGR3A	NFKB1
FCGR3A	PLCG2
FCGR3A	PRKCB
FCGR3A	SRC
FCGR3A	STAT1
FCGR3A	SYK
FCGR3A	TNFRSF11A
FCGR3A	VAV3
FCGR3A	YES1
FEN1	PCNA
FEN1	POLA1
FEN1	POLQ
FEN1	PRIM2
FEN1	RBBP8
FEN1	RFC3
FER	JAK2
FER	KIT
FER	LYN
FER	SYK
FER	YES1
FGF12	FGFR1
FGFR1	GAB1
FGFR1	IGF1
FGFR1	IL1RAP
FGFR1	NCAM1
FGFR1	PDGFA
FGFR1	PDGFD
FGFR1	PLCB1
FGFR1	PLCG2
FGFR1	PRKCA
FGFR1	PRKCB
FGFR1	PRKCE
FGFR1	PRKCH
FGFR1	SOS1
FGFR1	SPRY2
FGL2	POU2F1
FGR	GNG2
FGR	JAK2
FGR	MEF2A
FGR	PIK3R5
FGR	PLCG2
FGR	PTK2
FGR	PTPN13
FGR	RGS1
FGR	SNCA
FGR	SYK
FLT1	IGF1
FLT1	NRP1
FLT1	NRP2
FLT1	PDGFA
FLT1	PDGFD
FLT1	PLCB1
FLT1	PLCG2
FLT1	PTK2
FLT3	GAB2
FLT3	GRB10
FLT3	IGF1
FLT3	IL1RAP
FLT3	PDGFA
FLT3	PDGFD
FLT3	PTPRJ
FLT3	SOS1
FLT3	SYK
FOS	FOSB
FOS	FOXP3
FOS	GSTP1
FOS	HLA-DRA
FOS	HLF
FOS	HMGA1
FOS	HSPA5
FOS	ICAM1
FOS	IFNG
FOS	IL12RB2
FOS	IL1A
FOS	IL2RA
FOS	IL4
FOS	IL6
FOS	IRF4
FOS	JUN
FOS	LMO7
FOS	LYN
FOS	MAPK10
FOS	MAPK8
FOS	MT2A
FOS	MYC
FOS	NCOA3
FOS	NFIA
FOS	NFKB1
FOS	PCLAF
FOS	PDGFA
FOS	POU2F1
FOS	PPARG
FOS	PRKCA
FOS	PRKCB
FOS	RBPJ
FOS	RUNX2
FOS	SRC
FOS	STAT1
FOS	STAT4
FOS	SYK
FOS	TCF7L2
FOS	TIMP1
FOS	TLR2
FOS	TNF
FOS	TNFRSF11A
FOS	TNFSF11
FOS	TOP2A
FOS	VAV3
FOS	VIM
FOS	YBX1
FOS	ZBTB20
FOS	ZNF438
FOSB	IL6
FOSB	JUN
FOSB	MAPK10
FOSB	MAPK8
FOSB	NCOA3
FOSB	NFKB1
FOSB	RAD21
FOSB	SMC1A
FOSB	STAG1
FOXO3	GADD45A
FOXO3	GADD45B
FOXO3	GADD45G
FOXO3	HSPA8
FOXO3	IL7R
FOXO3	KAT2B
FOXO3	KLF2
FOXO3	MAPK10
FOXO3	MAPK8
FOXO3	MYC
FOXO3	NLK
FOXO3	PLK1
FOXO3	PLK2
FOXO3	RAN
FOXO3	SGK1
FOXO3	SOD2
FOXO3	TNFSF10
FOXP1	PBX1
FOXP3	JUN
FOXP3	RUNX1
FRMD4B	RDX
FTH1	FTL
FTH1	MAPK10
FTH1	MAPK8
FTL	MAPK10
FTL	MAPK8
FUT8	MGAT5
FXYD2	NR3C2
FXYD2	PRKG1
FXYD2	PRKG2
FXYD2	SLC8A1
GAB1	HBEGF
GAB1	HSP90AA1
GAB1	IGF1R
GAB1	IL1RAP
GAB1	IL6
GAB1	IL6R
GAB1	INSR
GAB1	JAK2
GAB1	KIT
GAB1	KPNB1
GAB1	LYN
GAB1	MAPK8
GAB1	PIK3R5
GAB1	PLCG2
GAB1	PRKCA
GAB1	PRKCB
GAB1	PRKCE
GAB1	PRKCH
GAB1	RAPGEF1
GAB1	RASAL2
GAB1	SOS1
GAB1	SRC
GAB1	STAT1
GAB1	STAT4
GAB2	IL15
GAB2	IL1RAP
GAB2	IL2RA
GAB2	IL3RA
GAB2	IL6
GAB2	IL6R
GAB2	INSR
GAB2	JAK2
GAB2	KIT
GAB2	LYN
GAB2	MALT1
GAB2	PLCG2
GAB2	PRKCA
GAB2	PRKCB
GAB2	PRKCE
GAB2	PRKCH
GAB2	RAPGEF1
GAB2	RASAL2
GAB2	SGMS1
GAB2	SOS1
GAB2	SPTBN1
GAB2	SRC
GAB2	STAT1
GAB2	STAT4
GAB2	SYK
GAB2	UGCG
GAB2	YES1
GADD45A	GTSE1
GADD45A	NFKB1
GADD45A	PCNA
GADD45A	POU2F1
GADD45A	PPARG
GADD45B	GTSE1
GADD45B	NFKB1
GADD45B	PCNA
GADD45B	PPARG
GADD45G	GTSE1
GADD45G	NFKB1
GADD45G	PCNA
GADD45G	RAD21
GAPDH	HSP90AB1
GEN1	RAD51AP1
GEN1	RAD51B
GEN1	RBBP8
GINS2	MCM3
GINS2	MCM4
GINS2	MCM6
GINS2	MCM7
GK	PPARG
GLRX	RRM1
GLRX	RRM2
GM2A	JUN
GMNN	UBE2S
GNA14	GNAQ
GNA14	GNB4
GNA14	GNG2
GNA14	GNG4
GNA14	GNG7
GNA14	GNG8
GNA14	MAPK8
GNA14	PLCB1
GNA14	PROK2
GNA14	PTAFR
GNA14	RGS1
GNA14	RGS16
GNA14	RGS17
GNA14	RGS18
GNA14	RGS2
GNA14	TRIO
GNA14	WNT5B
GNA14	XCL1
GNA14	XCL2
GNAQ	GNB4
GNAQ	GNG2
GNAQ	GNG4
GNAQ	GNG7
GNAQ	GNG8
GNAQ	MAPK8
GNAQ	PLA2G4A
GNAQ	PLA2G4C
GNAQ	PLCB1
GNAQ	PLCG2
GNAQ	PROK2
GNAQ	PTAFR
GNAQ	RGS1
GNAQ	RGS16
GNAQ	RGS17
GNAQ	RGS18
GNAQ	RGS2
GNAQ	TRIO
GNAQ	TSHR
GNAQ	WNT5B
GNAQ	XCL1
GNAQ	XCL2
GNB4	GNG2
GNB4	GNG4
GNB4	GNG7
GNB4	GNG8
GNB4	MAPK10
GNB4	MAPK8
GNB4	PIK3R5
GNB4	PLCB1
GNB4	PLCG2
GNB4	PRKCA
GNB4	PRKCB
GNB4	PRKCE
GNB4	RASGRF2
GNB4	WNT5B
GNG2	GNG4
GNG2	GNG7
GNG2	GNG8
GNG2	GPR183
GNG2	GPSM2
GNG2	HLA-DRA
GNG2	HLA-DRB1
GNG2	HRH2
GNG2	JAK2
GNG2	LYN
GNG2	MAPK10
GNG2	MAPK8
GNG2	NPW
GNG2	P2RY14
GNG2	PAK1
GNG2	PIK3R5
GNG2	PLCB1
GNG2	PLCG2
GNG2	PRKCA
GNG2	PRKCB
GNG2	PRKCE
GNG2	PROK2
GNG2	PSAP
GNG2	PTAFR
GNG2	PTGIR
GNG2	PTK2
GNG2	RAMP1
GNG2	RASGRF2
GNG2	RGS1
GNG2	SRC
GNG2	TSHR
GNG2	VIPR2
GNG2	WNT5B
GNG2	XCL1
GNG2	XCL2
GNG2	YES1
GNG4	GNG7
GNG4	GNG8
GNG4	GPSM2
GNG4	HRH2
GNG4	MAPK10
GNG4	MAPK8
GNG4	PIK3R5
GNG4	PLCB1
GNG4	PLCG2
GNG4	PRKCA
GNG4	PRKCB
GNG4	PRKCE
GNG4	RASGRF2
GNG4	WNT5B
GNG7	GNG8
GNG7	GPSM2
GNG7	HRH2
GNG7	MAPK10
GNG7	MAPK8
GNG7	OR3A2
GNG7	PIK3R5
GNG7	PLCB1
GNG7	PLCG2
GNG7	PRKCA
GNG7	PRKCB
GNG7	PRKCE
GNG7	RASGRF2
GNG7	WNT5B
GNG8	GPSM2
GNG8	HRH2
GNG8	MAPK10
GNG8	MAPK8
GNG8	PIK3R5
GNG8	PLCB1
GNG8	PLCG2
GNG8	PRKCA
GNG8	PRKCB
GNG8	PRKCE
GNG8	RASGRF2
GNG8	WNT5B
GNLY	JUN
GNLY	NFKB1
GPC3	HS2ST1
GPC3	HS3ST1
GPC3	HS3ST3B1
GPC3	MAPK8
GPC3	WNT5B
GPC3	XYLT1
GPC5	HS2ST1
GPC5	HS3ST1
GPC5	HS3ST3B1
GPC5	XYLT1
GPR183	MEF2C
GPR183	POU2F2
GRB10	IGF1
GRB10	IGF1R
GRB10	INSR
GRB10	KIT
GRB10	SOS1
GRIA3	GRIP1
GRIA3	LYN
GRIA3	MDM2
GRIA3	PRKCA
GRIA3	PRKCB
GRIP1	PRKCA
GRIP1	PRKCB
GRK3	HRH2
GRK3	OR3A2
GRK3	SNCA
GRN	PSAP
GSN	MYO3B
GSN	PIP5K1B
GSN	RDX
GSN	SPTBN1
GSTP1	KLF2
GSTP1	NFKB1
GTSE1	HSP90AA1
GTSE1	HSP90AB1
GTSE1	PLK1
GUCY1A1	PRKG1
GUCY1A1	PRKG2
GZMA	HMGB2
GZMA	JAK2
GZMA	PARD3
GZMA	PRF1
GZMB	LMNA
GZMB	LMNB1
GZMB	PRF1
GZMB	TUBA1A
GZMB	TUBA1B
GZMB	TUBA1C
GZMB	TUBA4A
HAVCR2	NFKB1
HBEGF	HIP1
HBEGF	HSP90AA1
HBEGF	HSP90AB1
HBEGF	HSPA8
HBEGF	IGF1R
HBEGF	IL1RAP
HBEGF	ITSN1
HBEGF	JAK2
HBEGF	NRG2
HBEGF	PTK2
HBEGF	PTPN12
HBEGF	PTPRK
HBEGF	SNX9
HBEGF	SOS1
HBEGF	SPRY2
HBEGF	SRC
HDAC8	LEF1
HDAC8	TCF7L1
HDAC8	TCF7L2
HDAC8	TLE1
HDAC9	MEF2A
HDAC9	MEF2C
HDAC9	RBPJ
HDAC9	STAT1
HDAC9	TBL1X
HECTD2	HERC5
HECTD2	LMO7
HECTD2	NEDD4L
HECTD2	RNF144B
HECTD2	RNF19A
HECTD2	RNF19B
HECTD2	RNF213
HECTD2	RNF217
HECTD2	ZNRF2
HELLS	LEF1
HELLS	TCF7L1
HELLS	TCF7L2
HERC5	IFIT1
HERC5	LMO7
HERC5	NEDD4L
HERC5	RNF144B
HERC5	RNF19A
HERC5	RNF19B
HERC5	RNF213
HERC5	RNF217
HERC5	STAT1
HERC5	ZNRF2
HIP1	HSPA8
HIP1	IGF2R
HIP1	IL7R
HIP1	ITSN1
HIP1	SNX9
HIP1	TFRC
HIPK2	KAT2B
HIPK2	NLK
HIPK2	RUNX1
HIVEP1	NFKB1
HIVEP1	TCF4
HIVEP3	RUNX2
HK2	MYC
HK2	PKM
HLA-DMA	HLA-DMB
HLA-DMA	HLA-DPA1
HLA-DMA	HLA-DPB1
HLA-DMA	HLA-DQA1
HLA-DMA	HLA-DQB1
HLA-DMA	HLA-DRA
HLA-DMA	HLA-DRB1
HLA-DMA	HLA-DRB5
HLA-DMB	HLA-DPA1
HLA-DMB	HLA-DPB1
HLA-DMB	HLA-DQA1
HLA-DMB	HLA-DQB1
HLA-DMB	HLA-DRA
HLA-DMB	HLA-DRB1
HLA-DMB	HLA-DRB5
HLA-DMB	STAT1
HLA-DPA1	HLA-DPB1
HLA-DPA1	HLA-DQA1
HLA-DPA1	HLA-DQB1
HLA-DPA1	HLA-DRA
HLA-DPA1	HLA-DRB1
HLA-DPA1	HLA-DRB5
HLA-DPA1	KIF11
HLA-DPA1	KIF15
HLA-DPA1	KIF18A
HLA-DPA1	KIF23
HLA-DPA1	KIF2C
HLA-DPA1	KIF4A
HLA-DPA1	LAG3
HLA-DPA1	LGMN
HLA-DPA1	OSBPL1A
HLA-DPA1	PTPRJ
HLA-DPA1	RACGAP1
HLA-DPA1	STAT1
HLA-DPA1	TRAV19
HLA-DPA1	TRBC1
HLA-DPB1	HLA-DQA1
HLA-DPB1	HLA-DQB1
HLA-DPB1	HLA-DRA
HLA-DPB1	HLA-DRB1
HLA-DPB1	HLA-DRB5
HLA-DPB1	KIF11
HLA-DPB1	KIF15
HLA-DPB1	KIF18A
HLA-DPB1	KIF23
HLA-DPB1	KIF2C
HLA-DPB1	KIF4A
HLA-DPB1	LAG3
HLA-DPB1	LGMN
HLA-DPB1	OSBPL1A
HLA-DPB1	PTPRJ
HLA-DPB1	RACGAP1
HLA-DPB1	RAD21
HLA-DPB1	STAT1
HLA-DPB1	TRAV19
HLA-DPB1	TRBC1
HLA-DQA1	HLA-DQB1
HLA-DQA1	HLA-DRA
HLA-DQA1	HLA-DRB1
HLA-DQA1	HLA-DRB5
HLA-DQA1	KIF11
HLA-DQA1	KIF15
HLA-DQA1	KIF18A
HLA-DQA1	KIF23
HLA-DQA1	KIF2C
HLA-DQA1	KIF4A
HLA-DQA1	LAG3
HLA-DQA1	LGMN
HLA-DQA1	OSBPL1A
HLA-DQA1	PTPRJ
HLA-DQA1	RACGAP1
HLA-DQA1	STAT1
HLA-DQA1	TRAV19
HLA-DQA1	TRBC1
HLA-DQB1	HLA-DRA
HLA-DQB1	HLA-DRB1
HLA-DQB1	HLA-DRB5
HLA-DQB1	KIF11
HLA-DQB1	KIF15
HLA-DQB1	KIF18A
HLA-DQB1	KIF23
HLA-DQB1	KIF2C
HLA-DQB1	KIF4A
HLA-DQB1	LAG3
HLA-DQB1	LGMN
HLA-DQB1	OSBPL1A
HLA-DQB1	POU2F2
HLA-DQB1	PTPRJ
HLA-DQB1	RACGAP1
HLA-DQB1	STAT1
HLA-DQB1	TRAV19
HLA-DQB1	TRBC1
HLA-DRA	HLA-DRB1
HLA-DRA	HLA-DRB5
HLA-DRA	IL12RB2
HLA-DRA	JAK2
HLA-DRA	KIF11
HLA-DRA	KIF15
HLA-DRA	KIF18A
HLA-DRA	KIF23
HLA-DRA	KIF2C
HLA-DRA	KIF4A
HLA-DRA	LAG3
HLA-DRA	LGMN
HLA-DRA	OSBPL1A
HLA-DRA	POU2F2
HLA-DRA	PTPRJ
HLA-DRA	RACGAP1
HLA-DRA	RGS1
HLA-DRA	STAT1
HLA-DRA	STAT4
HLA-DRA	TRAV19
HLA-DRA	TRBC1
HLA-DRB1	HLA-DRB5
HLA-DRB1	IL12RB2
HLA-DRB1	JAK2
HLA-DRB1	KIF11
HLA-DRB1	KIF15
HLA-DRB1	KIF18A
HLA-DRB1	KIF23
HLA-DRB1	KIF2C
HLA-DRB1	KIF4A
HLA-DRB1	LAG3
HLA-DRB1	LGMN
HLA-DRB1	OSBPL1A
HLA-DRB1	PTPRJ
HLA-DRB1	RACGAP1
HLA-DRB1	RGS1
HLA-DRB1	STAT1
HLA-DRB1	STAT4
HLA-DRB1	TRAV19
HLA-DRB1	TRBC1
HLA-DRB5	KIF11
HLA-DRB5	KIF15
HLA-DRB5	KIF18A
HLA-DRB5	KIF23
HLA-DRB5	KIF2C
HLA-DRB5	KIF4A
HLA-DRB5	LAG3
HLA-DRB5	LGMN
HLA-DRB5	OSBPL1A
HLA-DRB5	PTPRJ
HLA-DRB5	RACGAP1
HLA-DRB5	STAT1
HLA-DRB5	TRAV19
HLA-DRB5	TRBC1
HLF	JUN
HLF	RUNX1
HMGA1	LMNB1
HMGA1	NDC1
HMGB1	IRAK2
HMGB1	IRAK3
HMGB1	NFKB1
HMGB1	TLR2
HMMR	HSP90AA1
HMMR	PLK1
HMMR	PRKAR2B
HMMR	TPX2
HMMR	TUBA1A
HMMR	TUBA4A
HMMR	TUBB
HMMR	TUBB4B
HMOX1	KLF2
HMOX1	NFKB1
HMOX1	NLRP3
HNRNPA2B1	HSPA8
HNRNPA2B1	YBX1
HPGDS	POU2F1
HSP90AA1	HSP90AB1
HSP90AA1	HSP90B1
HSP90AA1	HSPA8
HSP90AA1	NCL
HSP90AA1	NLRP3
HSP90AA1	NME7
HSP90AA1	NR3C2
HSP90AA1	NRG2
HSP90AA1	PIF1
HSP90AA1	PLK1
HSP90AA1	PRKAR2B
HSP90AA1	PTK2
HSP90AA1	RIPK2
HSP90AA1	SCLT1
HSP90AA1	SGK1
HSP90AA1	SOS1
HSP90AA1	SRC
HSP90AA1	TCTN1
HSP90AA1	TCTN3
HSP90AA1	TDRD9
HSP90AA1	TPX2
HSP90AA1	TUBA1A
HSP90AA1	TUBA4A
HSP90AA1	TUBB
HSP90AA1	TUBB4B
HSP90AB1	HSPA8
HSP90AB1	HSPD1
HSP90AB1	JUN
HSP90AB1	MYC
HSP90AB1	NLRP3
HSP90AB1	NR3C2
HSP90AB1	RIPK2
HSP90AB1	SRC
HSP90B1	HSPD1
HSP90B1	NFKB1
HSP90B1	RIPK2
HSPA5	JUN
HSPA5	PRKN
HSPA5	SNCA
HSPA8	HSPH1
HSPA8	IGF2R
HSPA8	IL7R
HSPA8	ITSN1
HSPA8	MAPK10
HSPA8	MAPK8
HSPA8	PRKN
HSPA8	SNCA
HSPA8	SNX9
HSPA8	TFRC
HSPA8	TLR2
HSPA8	YBX1
HSPD1	HSPE1
HSPD1	MYC
HSPD1	TLR2
ICAM1	IFNG
ICAM1	ITGAX
ICAM1	JUN
ICAM1	NFKB1
ICAM1	PLCG2
ICAM1	REL
ICAM1	STAT1
ICAM1	TNF
ICOS	IL1RAP
ID3	PRDM1
IDO1	IFNG
IER3	NFKB1
IFI27	MEF2A
IFI27	RAD21
IFI27	STAT1
IFI27	ZEB1
IFIT1	IFIT3
IFIT1	STAT1
IFIT3	NFKB1
IFIT3	STAT1
IFITM3	STAT1
IFNG	IL12RB2
IFNG	IL23R
IFNG	IL2RA
IFNG	IL3RA
IFNG	IL6R
IFNG	IL7R
IFNG	JAK2
IFNG	JUN
IFNG	NFKB1
IFNG	REL
IFNG	STAT1
IFNG	STAT4
IGF1	IGF1R
IGF1	IGFBP2
IGF1	IGFBP4
IGF1	INSR
IGF1	JUN
IGF1	KIT
IGF1	SOS1
IGF1	SRC
IGF1	STAT1
IGF1R	JAK2
IGF1R	MDM2
IGF1R	NEDD4L
IGF1R	PDGFA
IGF1R	PDGFD
IGF1R	PLCB1
IGF1R	PLCG2
IGF1R	PTK2
IGF1R	SOS1
IGF1R	SRC
IGF2BP3	MYC
IGF2R	ITSN1
IGF2R	SNX9
IGFBP2	NFKB1
IGHM	LYN
IGHM	PLCG2
IGHM	SOS1
IGHM	SYK
IKZF2	MEF2A
IKZF2	NFKB1
IKZF2	RAD21
IL12RB2	IL15
IL12RB2	IL1A
IL12RB2	IL27
IL12RB2	IL2RA
IL12RB2	IL3RA
IL12RB2	IL4
IL12RB2	IL6
IL12RB2	IL7
IL12RB2	JAK2
IL12RB2	JUN
IL12RB2	NFKB1
IL12RB2	OSM
IL12RB2	PDGFA
IL12RB2	RIPK2
IL12RB2	SOS1
IL12RB2	STAT1
IL12RB2	STAT4
IL15	IL1A
IL15	IL23R
IL15	IL2RA
IL15	IL3RA
IL15	IL6R
IL15	IL7R
IL15	NFKB1
IL15	SOS1
IL1A	IL1R1
IL1A	IL1RAP
IL1A	IL7
IL1A	IRAK2
IL1A	IRAK3
IL1A	JUN
IL1A	MAPK10
IL1A	MAPK8
IL1A	MEF2A
IL1A	NFKB1
IL1A	RAD21
IL1A	SOS1
IL1A	ZEB1
IL1R1	IL1RAP
IL1R1	IRAK2
IL1R1	IRAK3
IL1R1	MAP3K5
IL1R1	NFKB1
IL1R1	TCF4
IL1RAP	IRAK2
IL1RAP	IRAK3
IL1RAP	KIT
IL1RAP	NFKB1
IL1RAP	NRG2
IL1RAP	PDGFA
IL1RAP	PIK3AP1
IL1RAP	SRC
IL23R	IL4
IL23R	IL6
IL23R	IL7
IL23R	JAK2
IL23R	NFKB1
IL23R	NFKBIA
IL23R	OSM
IL23R	PDGFA
IL23R	STAT1
IL23R	STAT4
IL26	STAT1
IL27	JAK2
IL27	STAT1
IL27	STAT4
IL2RA	IL4
IL2RA	IL6
IL2RA	IL7
IL2RA	JAK2
IL2RA	JUN
IL2RA	MAF
IL2RA	MAPK8
IL2RA	NFKB1
IL2RA	OSM
IL2RA	PDGFA
IL2RA	PRKCE
IL2RA	REL
IL2RA	SGMS1
IL2RA	SOS1
IL2RA	STAT1
IL2RA	STAT4
IL2RA	SYK
IL2RA	UGCG
IL3RA	IL4
IL3RA	IL6
IL3RA	IL7
IL3RA	JAK2
IL3RA	OSM
IL3RA	PDGFA
IL3RA	SOS1
IL4	IL6R
IL4	IL7R
IL4	JAK2
IL4	JUN
IL4	MAF
IL4	MAML2
IL4	MAML3
IL4	NFKB1
IL4	POU2F1
IL4	POU2F2
IL4	RBPJ
IL4I1	IRF4
IL4I1	MEF2A
IL4I1	MEF2C
IL4I1	NFKB1
IL4I1	PBX3
IL4I1	POU2F2
IL4I1	ZEB1
IL6	IL6R
IL6	IL7R
IL6	JAK2
IL6	JUN
IL6	MAPK10
IL6	MAPK8
IL6	NFKB1
IL6	PTPRE
IL6	REL
IL6	SOS1
IL6	STAT1
IL6R	IL7
IL6R	JAK2
IL6R	OSM
IL6R	PDGFA
IL6R	PLCG2
IL6R	PTPRE
IL6R	SOS1
IL6R	SRC
IL6R	STAT1
IL7	IL7R
IL7	JAK2
IL7	SOS1
IL7R	ITSN1
IL7R	JAK2
IL7R	OSM
IL7R	PDGFA
IL7R	SNX9
INCENP	KIF18A
INCENP	KIF23
INCENP	KIF2C
INCENP	KLHL13
INCENP	KNL1
INCENP	MAD2L1
INCENP	NDC1
INCENP	NDC80
INCENP	NUF2
INCENP	PLK1
INCENP	RACGAP1
INCENP	RAD21
INCENP	SGO2
INCENP	SMC1A
INCENP	SPC25
INCENP	STAG1
INCENP	ZWINT
INPP5F	PIP5K1B
INPP5F	PLCB1
INPP5F	PLCG2
INSR	PDGFA
INSR	PDGFD
INSR	PLCB1
INSR	PRKCB
INSR	PRKCE
INSR	SGK1
INSR	SOS1
IRAK2	IRAK3
IRAK2	TLR10
IRAK2	TLR2
IRAK3	TLR2
IRF4	JUN
IRF4	LITAF
IRF4	MACC1
IRF4	MAF
IRF4	MAP3K5
IRF4	MYC
IRF4	NCL
IRF4	NCOA3
IRF4	NFKB1
IRF4	NKG7
IRF4	PLCG2
IRF4	POU2F2
IRF4	PRDM1
IRF4	REL
IRF4	SP140
IRF4	STAT1
IRF4	WWOX
IRF8	JUN
IRF8	MYC
IRF8	PBX3
IRF8	RAD21
IRF8	STAT1
ITGA1	ITGB1
ITGA1	LIMS1
ITGA1	MYL9
ITGA1	PTK2
ITGA1	SRC
ITGA1	TPM2
ITGA1	TPM4
ITGA2	ITGB1
ITGA2	LIMS1
ITGA2	PTK2
ITGA2	SRC
ITGA2B	ITGB1
ITGA2B	LIMS1
ITGA2B	PTK2
ITGA2B	SOS1
ITGA2B	SRC
ITGA2B	SYK
ITGA4	ITGB1
ITGA4	JAML
ITGA4	LIMS1
ITGA4	PTK2
ITGA4	SKAP2
ITGA4	SRC
ITGAX	ITGB1
ITGAX	JUN
ITGAX	LIMS1
ITGAX	MEF2A
ITGAX	MEF2C
ITGAX	PBX3
ITGAX	POU2F1
ITGAX	POU2F2
ITGAX	PTK2
ITGAX	SRC
ITGB1	JAK2
ITGB1	JAML
ITGB1	LIMS1
ITGB1	LTBP1
ITGB1	NOLC1
ITGB1	PLAUR
ITGB1	PRKAR2B
ITGB1	PRKCA
ITGB1	PRKCB
ITGB1	PTK2
ITGB1	SAT1
ITGB1	SKAP2
ITGB1	SRC
ITPR2	PLCB1
ITPR2	PLCG2
ITPR2	PRKCA
ITPR2	PRKCB
ITSN1	RHOQ
ITSN1	SNX9
ITSN1	TFRC
JAK2	KIT
JAK2	LYN
JAK2	NFKB1
JAK2	NFKBIA
JAK2	NOLC1
JAK2	NRG2
JAK2	OSM
JAK2	PIK3R5
JAK2	PIR
JAK2	PLCG2
JAK2	PRKAR2B
JAK2	PRKCA
JAK2	PRKCB
JAK2	PTK2
JAK2	RAPGEF1
JAK2	RGS1
JAK2	RIPK2
JAK2	SOS1
JAK2	SPRY2
JAK2	SRC
JAK2	STAT1
JAK2	STAT4
JAK2	SYK
JAK2	TEC
JAK2	YES1
JUN	KAT2B
JUN	KLF6
JUN	LEF1
JUN	LIMS1
JUN	LMNA
JUN	LMO7
JUN	LYN
JUN	MACC1
JUN	MAPK10
JUN	MAPK8
JUN	MEF2A
JUN	MEF2C
JUN	MT2A
JUN	MYC
JUN	NCOA3
JUN	NFIA
JUN	NFKB1
JUN	NUCB2
JUN	PDGFA
JUN	PLD1
JUN	POU2F1
JUN	PPARG
JUN	PRKCB
JUN	PRKN
JUN	RANBP1
JUN	RBPJ
JUN	REL
JUN	SERPINE1
JUN	SLC38A6
JUN	SLC3A2
JUN	SLC7A11
JUN	SRC
JUN	STAT1
JUN	STAT4
JUN	SYK
JUN	TCF7
JUN	TCF7L1
JUN	TCF7L2
JUN	TFRC
JUN	TIMP1
JUN	TIMP2
JUN	TLR2
JUN	TNF
JUN	TNFAIP3
JUN	TNFRSF10B
JUN	TOX2
JUN	TXN
JUN	VAV3
JUN	VIM
JUN	ZEB1
JUN	ZNF438
KAT2B	MAML2
KAT2B	MAML3
KAT2B	MDM2
KAT2B	MEF2C
KAT2B	NCOA3
KAT2B	RBPJ
KAT2B	RUNX1
KAT2B	THRB
KCNMA1	PRKG1
KCNMA1	PRKG2
KCNQ5	PRKG1
KCNQ5	PRKG2
KIF11	OSBPL1A
KIF14	PRC1
KIF15	MAPK8
KIF15	OSBPL1A
KIF18A	KIF2C
KIF18A	KNL1
KIF18A	MAD2L1
KIF18A	NDC80
KIF18A	NUF2
KIF18A	OSBPL1A
KIF18A	PLK1
KIF18A	RAD21
KIF18A	SGO2
KIF18A	SMC1A
KIF18A	SPC25
KIF18A	STAG1
KIF18A	ZWINT
KIF23	OSBPL1A
KIF23	PLK1
KIF23	RACGAP1
KIF2C	KNL1
KIF2C	MAD2L1
KIF2C	NDC80
KIF2C	NUF2
KIF2C	OSBPL1A
KIF2C	PLK1
KIF2C	RAD21
KIF2C	SGO2
KIF2C	SMC1A
KIF2C	SPC25
KIF2C	STAG1
KIF2C	ZWINT
KIF4A	OSBPL1A
KIT	LYN
KIT	MAPK8
KIT	PDGFA
KIT	PDGFD
KIT	PLCB1
KIT	PRKCA
KIT	SOS1
KIT	SRC
KIT	STAP1
KIT	STAT1
KIT	TEC
KIT	YES1
KLF2	MEF2A
KLF2	MEF2C
KLF2	MGST1
KLF2	NFKB1
KLF2	TXN
KLF6	MEF2A
KLF6	MEF2C
KLF6	NFKB1
KLF6	PBX3
KLF6	POU2F2
KLRC1	KLRC3
KLRC1	KLRD1
KLRC2	KLRD1
KLRC2	PLCG2
KLRC2	SOS1
KLRC2	SYK
KLRC2	TYROBP
KLRC2	VAV3
KLRC3	KLRD1
KLRC3	TYROBP
KLRD1	PLCG2
KLRD1	SOS1
KLRD1	SYK
KLRD1	TYROBP
KLRD1	VAV3
KLRG1	LYN
KLRG1	SYK
KNL1	MAD2L1
KNL1	NDC80
KNL1	NPM1
KNL1	NUF2
KNL1	PLK1
KNL1	RAD21
KNL1	SGO2
KNL1	SMC1A
KNL1	SPC25
KNL1	STAG1
KNL1	ZWINT
KPNA2	KPNB1
KPNA2	NDC1
KPNA2	RAN
KPNA2	RANBP1
KPNB1	NDC1
KPNB1	NPM1
KPNB1	ORC6
KPNB1	RAD21
KPNB1	RAN
KPNB1	RANBP1
KPNB1	STAT1
KSR1	PPP2R2B
LDB2	SSBP2
LDHA	MYC
LEF1	MYB
LEF1	MYC
LEF1	NCAM1
LEF1	NLK
LEF1	NRCAM
LEF1	RAD21
LEF1	RUNX1
LEF1	SOX4
LEF1	TCF7L1
LEF1	TCF7L2
LEF1	TLE1
LILRB1	NFKB1
LILRB1	POU2F2
LILRB1	SYK
LILRB3	SYK
LIMK2	PAK1
LIMS1	PTK2
LITAF	MEF2A
LITAF	POU2F2
LMNA	LMNB1
LMNA	RAD21
LMNA	SMC1A
LMNA	STAG1
LMNA	STAG3
LMNB1	RAD21
LMNB1	SMC1A
LMNB1	STAG1
LMNB1	STAG3
LMO7	NEDD4L
LMO7	RNF144B
LMO7	RNF19A
LMO7	RNF19B
LMO7	RNF213
LMO7	RNF217
LMO7	ZNRF2
LTA	LTB
LTA	NFKB1
LTA	TANK
LTA	TNFRSF1B
LTA	TRAF1
LTA	TRAF3
LTB	NFKB1
LTB	TRAF3
LY86	NFKB1
LY86	POU2F2
LYN	MAPK8
LYN	NFKB1
LYN	PECAM1
LYN	PIK3R5
LYN	PLA2G4A
LYN	PLCG2
LYN	POU2F1
LYN	PRKCA
LYN	PRKCB
LYN	PTK2
LYN	PTPN13
LYN	RAPGEF1
LYN	RGS1
LYN	SH3BP5
LYN	SNCA
LYN	SOS1
LYN	STAT1
LYN	SYK
LYN	TEC
LYN	TIAM1
LYN	VAV3
MAD2L1	NDC80
MAD2L1	NUF2
MAD2L1	PLK1
MAD2L1	RAD21
MAD2L1	SGO2
MAD2L1	SMC1A
MAD2L1	SPC25
MAD2L1	STAG1
MAD2L1	UBE2S
MAD2L1	ZWINT
MAF	MYB
MAF	RUNX2
MAGI2	RAPGEF2
MAGI3	RAPGEF2
MALT1	MAPK10
MALT1	MAPK8
MALT1	NFKB1
MAML2	MAML3
MAML2	NFKB1
MAML2	RBPJ
MAML2	STAT1
MAML3	RBPJ
MAML3	STAT1
MAP3K5	MAPK10
MAP3K5	MAPK8
MAP3K5	MEF2A
MAP3K5	MEF2C
MAP3K5	NFKB1
MAP3K5	TNF
MAP3K5	TRAF1
MAP3K5	TXN
MAP3K8	NFKB1
MAP4K3	TNF
MAPK10	MAPK8
MAPK10	NCOA3
MAPK10	NFKB1
MAPK10	PLA2G4A
MAPK10	PLA2G4C
MAPK10	PRKCA
MAPK10	PRKCB
MAPK10	PRKCE
MAPK10	RIPK2
MAPK10	ROR2
MAPK10	SORT1
MAPK10	SRC
MAPK10	STAT1
MAPK10	TNF
MAPK10	TRAF3
MAPK8	NCOA3
MAPK8	NFKB1
MAPK8	PAK1
MAPK8	PLA2G4A
MAPK8	PLA2G4C
MAPK8	PRKCA
MAPK8	PRKCB
MAPK8	PRKCE
MAPK8	RIPK2
MAPK8	ROR2
MAPK8	SORT1
MAPK8	SRC
MAPK8	STAT1
MAPK8	SYK
MAPK8	TNF
MAPK8	TRAF3
MARCKSL1	PRKCE
MCF2	NME1
MCM10	MCM3
MCM10	MCM4
MCM10	MCM6
MCM10	MCM7
MCM10	ORC6
MCM10	POLA1
MCM10	PRIM2
MCM3	MCM4
MCM3	MCM6
MCM3	MCM7
MCM3	ORC6
MCM3	POLA1
MCM3	PRIM2
MCM4	MCM6
MCM4	MCM7
MCM4	ORC6
MCM4	POLA1
MCM4	PRIM2
MCM6	MCM7
MCM6	ORC6
MCM6	POLA1
MCM6	PRIM2
MCM7	ORC6
MCM7	POLA1
MCM7	PRIM2
MCM7	RFC3
MDM2	NDC1
MDM2	RFC3
MDM2	SGK1
MDM2	TP63
MED12L	THRB
MED13L	NCOA3
MED13L	PPARG
MED13L	TBL1X
MED13L	THRB
MED13L	TNF
MEF2A	MEF2C
MEF2A	NCL
MEF2A	NCOA3
MEF2A	NEK6
MEF2A	PLCG2
MEF2A	POU2F2
MEF2A	RDX
MEF2A	SP140
MEF2A	TP63
MEF2A	TRAF1
MEF2A	TRAF3
MEF2A	WWOX
MEF2A	ZFP36L1
MEF2C	NCL
MEF2C	NCOA3
MEF2C	NEK6
MEF2C	PLCG2
MEF2C	RDX
MEF2C	RFTN1
MEF2C	SP140
MEF2C	TRAF3
MEF2C	WWOX
MGLL	NFKB1
MLLT3	RAD21
MND1	RAD21
MSC	NFKB1
MT-ND1	MT-ND2
MT-ND1	MT-ND4
MT-ND1	MT-ND5
MT-ND1	MT-ND6
MT-ND1	SNCA
MT-ND2	MT-ND4
MT-ND2	MT-ND5
MT-ND2	MT-ND6
MT-ND2	SNCA
MT-ND4	MT-ND5
MT-ND4	MT-ND6
MT-ND4	SNCA
MT-ND5	MT-ND6
MT-ND5	SNCA
MT-ND6	SNCA
MTHFD2	MYC
MX1	STAT1
MYB	MYC
MYB	NCL
MYB	NFKB1
MYB	NLK
MYB	RUNX1
MYB	ZFHX3
MYBL1	NCL
MYBL2	MYC
MYBL2	RBL1
MYC	NCL
MYC	NCOA3
MYC	NEK6
MYC	NFKB1
MYC	NFKBIA
MYC	NME1
MYC	NOLC1
MYC	NPM1
MYC	NSD2
MYC	ODC1
MYC	PAICS
MYC	PKM
MYC	PLCG2
MYC	POU2F1
MYC	POU2F2
MYC	PRKCB
MYC	QKI
MYC	RAD21
MYC	RBL1
MYC	RBPJ
MYC	RPS6KA5
MYC	SGK1
MYC	SLC1A5
MYC	SLC3A2
MYC	SRM
MYC	STAT1
MYC	STAT4
MYC	TBL1X
MYC	TCF7
MYC	TCF7L1
MYC	TCF7L2
MYC	THRB
MYC	YBX1
MYL9	PAK1
MYL9	TPM2
MYL9	TPM4
MYO3B	RDX
MYO3B	SPTBN1
NCAM1	PTK2
NCAM1	SOS1
NCAM1	SPTBN1
NCAM1	SRC
NCAM1	ST8SIA4
NCAPD3	NCAPG2
NCAPD3	PLK1
NCAPD3	SMC2
NCAPD3	SMC4
NCAPG	NCAPH
NCAPG	SMC2
NCAPG	SMC4
NCAPG2	PLK1
NCAPG2	SMC2
NCAPG2	SMC4
NCAPH	SMC2
NCAPH	SMC4
NCEH1	NR4A1
NCEH1	PBX1
NCF1	NCF2
NCF1	PAK1
NCF1	PRKCA
NCF1	PRKCB
NCF2	PAK1
NCF2	PRKCA
NCF2	PRKCB
NCL	NFKB1
NCL	NPM1
NCL	PLAUR
NCL	POU2F2
NCL	RAD21
NCL	ZEB1
NCOA3	NFKB1
NCOA3	NLK
NCOA3	PBX1
NCOA3	POU2F2
NCOA3	PPARG
NCOA3	RAD21
NCOA3	SMC1A
NCOA3	SRC
NCOA3	STAG1
NCOA3	TBL1X
NCOA3	THRB
NCOA3	TNF
NCOA3	ZEB1
NDC1	NEK6
NDC1	NPM1
NDC1	RAN
NDC1	SLBP
NDC1	TOP2A
NDC80	NUF2
NDC80	PLK1
NDC80	RAD21
NDC80	SGO2
NDC80	SMC1A
NDC80	SPC25
NDC80	STAG1
NDC80	TTK
NDC80	ZWINT
NECTIN2	PARD3
NECTIN2	SRC
NECTIN2	TIGIT
NEDD4L	RNF144B
NEDD4L	RNF19A
NEDD4L	RNF19B
NEDD4L	RNF213
NEDD4L	RNF217
NEDD4L	SGK1
NEDD4L	ZNRF2
NEK6	NFKB1
NEK6	RAD21
NFIA	POU2F1
NFKB1	NFKBIA
NFKB1	NLRP3
NFKB1	NR4A2
NFKB1	PAWR
NFKB1	PDGFA
NFKB1	POU2F2
NFKB1	PPP2R2B
NFKB1	PRKCA
NFKB1	PTAFR
NFKB1	PTMA
NFKB1	PTPN13
NFKB1	RAN
NFKB1	REL
NFKB1	RIPK2
NFKB1	RPS6KA5
NFKB1	S100B
NFKB1	SERPINE1
NFKB1	SLC11A1
NFKB1	SMC4
NFKB1	SP140
NFKB1	SRC
NFKB1	STAT1
NFKB1	STAT4
NFKB1	SYK
NFKB1	TANK
NFKB1	TIMP1
NFKB1	TLR10
NFKB1	TLR2
NFKB1	TNF
NFKB1	TNFAIP3
NFKB1	TNFRSF11A
NFKB1	TNFSF10
NFKB1	TP63
NFKB1	TRAF1
NFKB1	TRAF3
NFKB1	UBE2S
NFKB1	VAV3
NFKB1	VIM
NFKB1	WWOX
NFKB1	ZFP36L1
NFKBIA	PAWR
NFKBIA	PRKCA
NFKBIA	PRKCB
NFKBIA	RAD21
NFKBIA	RAN
NFKBIA	REL
NFKBIA	SRC
NFKBIA	SYK
NFKBIA	TCF4
NFKBIA	TNF
NFKBIA	TRAF1
NLK	PPARG
NLK	TCF7
NLK	TCF7L1
NLK	TCF7L2
NLK	TLE1
NME1	TIAM1
NME7	PLK1
NME7	PRKAR2B
NME7	TUBA1A
NME7	TUBA4A
NME7	TUBB
NME7	TUBB4B
NPM1	PLK2
NPM1	RAN
NR3C2	PBX3
NR3C2	SGK1
NR4A1	TCF4
NR4A2	TCF4
NR4A3	PRDM1
NR6A1	RAD21
NRCAM	NRP2
NRCAM	SPTBN1
NRG2	PRKCA
NRG2	PRKCB
NRG2	PTPN12
NRG2	SOS1
NRG2	SRC
NRP1	PAK1
NRP1	PLXNA4
NRP1	ROBO1
NRP1	SEMA3A
NSD2	RAD21
NUF2	PLK1
NUF2	RAD21
NUF2	SGO2
NUF2	SMC1A
NUF2	SPC25
NUF2	STAG1
NUF2	ZWINT
NUMB	SRC
ORC6	POLA1
ORC6	PRIM2
OSBPL1A	RACGAP1
PAK1	PLCG2
PAK1	PLK1
PAK1	PLXNA4
PAK1	PTK2
PAK1	RHOQ
PAK1	RHOU
PAK1	ROBO1
PAK1	SEMA3A
PAK1	SOS1
PAK1	SRC
PAK1	TIAM1
PAK1	TRIO
PAK1	VAV3
PAK1	YES1
PARD3	TIAM1
PBX1	POU2F1
PBX3	POU2F2
PBX3	PPP3CA
PBX3	RFX2
PBX3	SSBP2
PBX3	TOP2A
PBX3	ZBTB20
PCLAF	PCNA
PCLAF	RFC3
PCNA	POLA1
PCNA	PRIM2
PCNA	RAD21
PCNA	RFC3
PCNA	YBX3
PDGFA	PTPN12
PDGFA	RAPGEF1
PDGFA	SOS1
PDGFA	SRC
PDGFA	STAT1
PDLIM5	SIPA1L1
PECAM1	SRC
PECAM1	YES1
PGAP1	PLAUR
PHLDA1	RAD21
PIK3AP1	SYK
PIK3R5	PTK2
PIK3R5	SRC
PIP5K1B	PLCB1
PIP5K1B	PLCG2
PLA2G4A	PLCG2
PLA2G4A	PRKCA
PLA2G4A	PRKCB
PLA2G4A	SYK
PLA2G4C	PLCG2
PLA2G4C	PRKCA
PLA2G4C	PRKCB
PLAUR	SERPINE1
PLAUR	SRC
PLCB1	PPP3CA
PLCB1	PRKCA
PLCB1	PRKCB
PLCB1	PRKCE
PLCB1	PRKG1
PLCB1	PRKG2
PLCB1	PRKN
PLCB1	RGS17
PLCG2	POU2F2
PLCG2	PPP3CA
PLCG2	PRKCA
PLCG2	PRKCB
PLCG2	PRKCE
PLCG2	PRKCH
PLCG2	RASAL2
PLCG2	RASGRP3
PLCG2	RGS17
PLCG2	SH3BP5
PLCG2	SOS1
PLCG2	SPRY2
PLCG2	SRC
PLCG2	STAT1
PLCG2	STAT4
PLCG2	SYK
PLCG2	TEC
PLCG2	TYROBP
PLCG2	VAV3
PLCG2	YES1
PLCL1	RGS17
PLD1	PRKCA
PLD1	PRKCB
PLD1	SNCA
PLD1	SYK
PLK1	PRC1
PLK1	PRKAR2B
PLK1	RAD21
PLK1	SCLT1
PLK1	SGO2
PLK1	SMC1A
PLK1	SMC2
PLK1	SMC4
PLK1	SPC25
PLK1	STAG1
PLK1	TCTN1
PLK1	TCTN3
PLK1	TP63
PLK1	TPX2
PLK1	TUBA1A
PLK1	TUBA4A
PLK1	TUBB
PLK1	TUBB4B
PLK1	UBE2S
PLK1	ZWINT
PLSCR1	STAT1
PLXNA4	SEMA3A
POLA1	PRIM2
POLA1	RFC3
POLQ	RBBP8
POU2AF1	POU2F1
POU2AF1	POU2F2
POU2F1	PPARG
POU2F1	PRKCB
POU2F1	REL
POU2F1	RUNX1
POU2F1	SLC38A6
POU2F1	ST6GAL1
POU2F1	TNF
POU2F2	PTMA
POU2F2	RAD21
POU2F2	SP140
POU2F2	STAT1
POU2F2	TET2
POU2F2	WWOX
POU2F2	ZEB1
PPARG	SAT1
PPARG	SCD5
PPARG	TBL1X
PPARG	TNF
PPFIBP1	PTPRS
PPP2R2B	STAT1
PPP2R2B	STK3
PRDM1	RAD21
PRDX1	TXN
PRF1	STAT1
PRF1	STAT4
PRIM2	RFC3
PRKAR2B	PRKCE
PRKAR2B	PRKG1
PRKAR2B	PRKG2
PRKAR2B	SCLT1
PRKAR2B	TCTN1
PRKAR2B	TCTN3
PRKAR2B	TPX2
PRKAR2B	TUBA1A
PRKAR2B	TUBA4A
PRKAR2B	TUBB
PRKAR2B	TUBB4B
PRKCA	PRKG1
PRKCA	PTK2
PRKCA	RASAL2
PRKCA	SOS1
PRKCA	SRC
PRKCA	STAT1
PRKCA	STAT4
PRKCA	TTF2
PRKCB	PRKG1
PRKCB	PTK2
PRKCB	RAD21
PRKCB	RASAL2
PRKCB	SOS1
PRKCB	SRC
PRKCB	STAT1
PRKCB	STAT4
PRKCB	TCF4
PRKCB	TTF2
PRKCE	PRKG1
PRKCE	PRKG2
PRKCE	RASAL2
PRKCE	RDX
PRKCE	SOS1
PRKCE	SRC
PRKCE	STAT1
PRKCE	STAT4
PRKCE	TIAM1
PRKCE	YES1
PRKCH	PRKG1
PRKCH	RASAL2
PRKCH	SOS1
PRKCH	SRC
PRKCH	STAT1
PRKCH	STAT4
PRKDC	RNF144A
PRKDC	XRCC4
PRKG1	RAP1GAP2
PRKG1	RGS2
PRKG1	SLC8A1
PRKG2	RGS2
PRKG2	SLC8A1
PRKN	SNCA
PTK2	PTPN13
PTK2	RAPGEF1
PTK2	RGS1
PTK2	SOS1
PTK2	SPTBN1
PTK2	SRC
PTK2	SYK
PTK2	TRIO
PTK2	VAV3
PTK2	YES1
PTPN13	SRC
PTPN13	YES1
PTPRJ	SRC
PTPRJ	TRAV19
PTPRJ	TRBC1
PTTG1	UBE2S
RAB13	RHOQ
RAB13	TBC1D4
RAB31	RIN3
RAD21	SGK1
RAD21	SGO2
RAD21	SMC1A
RAD21	SP140
RAD21	SPC25
RAD21	STAG1
RAD21	STAG3
RAD21	TCTN3
RAD21	TFEC
RAD21	TNFAIP3
RAD21	TNFRSF9
RAD21	TRAF3
RAD21	ZBTB20
RAD21	ZWINT
RAD51AP1	RAD51B
RAD51AP1	RBBP8
RAD51AP1	SPIDR
RAD51B	RBBP8
RAD51B	SPIDR
RAN	RANBP1
RAN	TPX2
RAPGEF1	RHOQ
RAPGEF1	SOS1
RAPGEF1	SRC
RAPGEF1	YES1
RASAL2	SOS1
RASAL2	STAT1
RASAL2	STAT4
RASGRP3	SOS1
RASSF4	STK3
RBBP8	RBPJ
RBBP8	RFC3
RBBP8	SPIDR
RBPJ	STAT1
RBPJ	TBL1X
RDX	SPTBN1
REL	TNFSF10
RFC3	UBE2T
RGS1	SRC
RGS1	YES1
RHOU	SRC
RIPK2	STAT4
RIPK2	TNFAIP3
RIPK2	TRAF3
RNF144B	RNF19A
RNF144B	RNF19B
RNF144B	RNF213
RNF144B	RNF217
RNF144B	ZNRF2
RNF19A	RNF19B
RNF19A	RNF213
RNF19A	RNF217
RNF19A	ZNRF2
RNF19B	RNF213
RNF19B	RNF217
RNF19B	ZNRF2
RNF213	RNF217
RNF213	ZNRF2
RNF217	ZNRF2
ROBO1	SOS1
ROBO1	SRGAP1
ROBO1	SRGAP2
ROBO1	SRGAP3
RORA	TBL1X
RPL22L1	RPS17
RPS17	SEC11C
RRM1	RRM2
RRM1	TXN
RRM2	TXN
RSAD2	STAT1
RUNX1	RUNX2
RUNX1	SRC
RUNX1	STAT1
RUNX1	YBX3
RUNX2	STAT1
SCLT1	TCTN1
SCLT1	TCTN3
SCLT1	TUBA1A
SCLT1	TUBA4A
SCLT1	TUBB
SCLT1	TUBB4B
SGK1	SRC
SGMS1	SOS1
SGO2	SMC1A
SGO2	SPC25
SGO2	STAG1
SGO2	ZWINT
SH3BP5	SYK
SLC3A2	SLC7A11
SLC3A2	SLC7A7
SMC1A	SPC25
SMC1A	STAG1
SMC1A	STAG3
SMC1A	ZWINT
SMC2	SMC4
SMPD3	TNF
SMYD3	TCF4
SNCA	SRC
SNCA	SYK
SNCA	YES1
SNX9	TFRC
SOS1	SPRY2
SOS1	SPTBN1
SOS1	SRC
SOS1	STAT1
SOS1	STAT4
SOS1	SYK
SOS1	TEC
SOS1	TYROBP
SOS1	UGCG
SOS1	USP6NL
SOS1	VAV3
SOS1	YES1
SOX4	TCF7L2
SP140	ZEB1
SPC25	STAG1
SPC25	ZWINT
SPOCK3	TIMP2
SPRY2	SRC
SPTBN1	SRC
SRC	STAT1
SRC	SYK
SRC	TCF4
SRC	TIAM1
SRC	TRIO
SRC	VAV3
SRC	YES1
STAG1	STAG3
STAG1	ZWINT
STAT1	STAT4
STAT1	SYK
STAT1	TIMP1
STAT1	TNF
STAT1	TNFSF11
STAT1	TYMP
STAT1	YES1
STAT1	ZNF208
SYK	TEC
SYK	TYROBP
SYK	VAV3
SYK	YES1
SYK	ZEB1
TANK	TNFRSF1B
TANK	TRAF1
TANK	TRAF3
TBL1X	TCF4
TBL1X	TCF7L2
TBL1X	TLE1
TCF4	TCF7
TCF4	TCF7L2
TCF4	TLE1
TCF4	ZFHX3
TCF4	ZNF827
TCF7L1	TLE1
TCF7L2	TLE1
TCF7L2	TNIK
TCTN1	TCTN3
TCTN1	TUBA1A
TCTN1	TUBA4A
TCTN1	TUBB
TCTN1	TUBB4B
TCTN3	TUBA1A
TCTN3	TUBA4A
TCTN3	TUBB
TCTN3	TUBB4B
TEC	TNFRSF11A
TEC	VAV3
TIAM1	VAV3
TIAM1	YES1
TLR2	TNF
TNF	TNFAIP3
TNF	TNFRSF1B
TNF	TNIK
TNF	TRAF1
TNF	TRAF3
TNF	TXN
TNFAIP3	TNIP3
TNFAIP3	TRAF1
TNFRSF10B	TNFSF10
TNFRSF11A	TNFSF11
TNFRSF11A	TRAF3
TNFRSF11A	TYROBP
TNFRSF13C	TNFSF13B
TNFRSF13C	TRAF3
TNFRSF1B	TRAF1
TNFRSF1B	TRAF3
TNFRSF4	TNFSF4
TNFRSF8	TNFSF8
TNFSF11	TRAF3
TNFSF13B	TRAF3
TNFSF14	TRAF3
TPM2	TTN
TPM2	VIM
TPM4	TTN
TPM4	VIM
TPX2	TUBA1A
TPX2	TUBA4A
TPX2	TUBB
TPX2	TUBB4B
TRAF1	TRAF3
TRAV19	TRBC1
TTN	VIM
TUBA1A	TUBA4A
TUBA1A	TUBB
TUBA1A	TUBB4B
TUBA1A	TUBB6
TUBA1B	TUBB
TUBA1B	TUBB4B
TUBA1B	TUBB6
TUBA1C	TUBB
TUBA1C	TUBB4B
TUBA1C	TUBB6
TUBA4A	TUBB
TUBA4A	TUBB4B
TUBA4A	TUBB6
TUBB	TUBB4B
TXK	VAV3
TYROBP	VAV3
VAV3	YES1
